{
  "sections": {
    "main": {
      "type": "cart-template",
      "settings": {
        "cart_notes_enable": true
      }
    },
    "2979a36a-c6b2-4ef9-a5cc-d84aa4da690b": {
      "type": "product-list-swiper",
      "settings": {
        "animation": "fade-up",
        "setwidth": "container",
        "e_size": "auto",
        "e_repeat": "no-repeat",
        "e_position": "center center",
        "bgsection": "#ffffff",
        "title_color": "transparent",
        "title_top": "recomment",
        "title": "You May Also Like",
        "des": "",
        "align-heading": "left",
        "collection": "bras",
        "limit": 8,
        "perviewDesktop": 4,
        "spaceBetween": 30,
        "nowrap": true,
        "arrows": true,
        "scrollbar": false,
        "buttonall": "",
        "buttonall_link": "",
        "style_btn": "btn-theme",
        "enable_first_banner": false,
        "width_banner": 30,
        "subtitle_banner": "Sub Title",
        "title_banner": "Title Banner",
        "size_text": "h2",
        "des_banner": "Protection from the",
        "pos_banner": "mid-center",
        "button_banner": "discover now",
        "link_banner": "",
        "style_btn_banner": "btn-underline btn-underline-white",
        "text_banner_color": "#ffffff",
        "overlay_banner": "#000000",
        "opacity_banner": 0.2,
        "paddingsection": "40px 0px 60px 0px",
        "paddingmobile": "40px 0px 40px 0px",
        "marginsection": "0px 0px 0px 0px",
        "marginmobile": "0px 0px 0px 0px"
      }
    }
  },
  "order": [
    "main",
    "2979a36a-c6b2-4ef9-a5cc-d84aa4da690b"
  ]
}