{"sections":{"collection-banner":{"type":"main-collection-banner","settings":{"show_breadcrumb":true,"width_breadcrumb":"container-fluid","show_collection_description":true,"show_collection_image":true,"save_allproducts":true,"img_bannercollection":"shopify:\/\/shop_images\/4898fadf25c4fde90c83f94bca870376_58b993d2-bdaa-4af3-ac6a-393084898302.png","title_all":"All Products","des_all":"<p>Shop now, not later. Browse the best of our favorite sale styles and brands.<\/p>","style_banner":"full","heading_size":"h2","img_height":"750px","bg_color":"#f4efe9","image_text_color":"#ffffff","image_overlay_color":"#000000","image_overlay_opacity":30,"enable_collection":true,"enable_count":true,"link_list_head":""}},"ea7af2bd-7a4c-4129-ae32-bacb42814742":{"type":"featured-collections-3","blocks":{"template--21109129117976__48a9fffb-7b1f-4bc5-9e0b-4f19556846d2-collection-3":{"type":"collection","settings":{"collection":"kitchen"}},"template--21109129117976__48a9fffb-7b1f-4bc5-9e0b-4f19556846d2-collection-1":{"type":"collection","settings":{"collection":"decoration"}},"012b04ac-f446-483f-a6aa-c59e3444912d":{"type":"collection","settings":{"collection":"office"}},"bcd6b727-9c9f-4c33-9b79-0d4ca6070131":{"type":"collection","settings":{"collection":"lighting"}},"template--21109129117976__48a9fffb-7b1f-4bc5-9e0b-4f19556846d2-collection-2":{"type":"collection","settings":{"collection":"books"}},"collection_rynbdE":{"type":"collection","settings":{"collection":"best-seller"}}},"block_order":["template--21109129117976__48a9fffb-7b1f-4bc5-9e0b-4f19556846d2-collection-3","template--21109129117976__48a9fffb-7b1f-4bc5-9e0b-4f19556846d2-collection-1","012b04ac-f446-483f-a6aa-c59e3444912d","bcd6b727-9c9f-4c33-9b79-0d4ca6070131","template--21109129117976__48a9fffb-7b1f-4bc5-9e0b-4f19556846d2-collection-2","collection_rynbdE"],"disabled":true,"settings":{"animation":"fade-up","setwidth":"container","bgsection":"#ffffff","title_top":"","title":"","des":"","align-heading":"center","stylecollection":"arrow","size_image_col":"square","color":"#ffffff","bg_overlay":"#000000","enable_gradient":true,"opacity_overlay":0.6,"size_title":"h5","button_link":"","button":"","perviewDesktop":5,"spaceBetween":30,"nowrap":true,"arrows":true,"scrollbar":false,"paddingsection":"30px 0px 0px 0px","paddingmobile":"40px 0px 0px 0px","marginsection":"0px 0px 0px 0px","marginmobile":"0px 0px 0px 0px"}},"3718e2cb-5821-407b-acec-0f519cf8d4b4":{"type":"rich-text-hoz","blocks":{"4aae42f0-8564-4ba9-bf69-e0db437bad2b":{"type":"heading","settings":{"title":"Summer Saving","size_text":"h4"}},"05fa68df-6d3c-4ed2-afd2-39d1c6945a8a":{"type":"paragraph","settings":{"subtext":"Save an additional 10% on all clearance items."}},"71224ca7-db08-44d5-8f55-df529ccb46af":{"type":"button","settings":{"button":"Shop now","link":"#","style_btn":"btn-outline"}}},"block_order":["4aae42f0-8564-4ba9-bf69-e0db437bad2b","05fa68df-6d3c-4ed2-afd2-39d1c6945a8a","71224ca7-db08-44d5-8f55-df529ccb46af"],"disabled":true,"settings":{"animation":"fade","setwidth":"container","bgsection":"rgba(0,0,0,0)","gradient_bg":"linear-gradient(270deg, rgba(247, 247, 247, 1), rgba(247, 247, 247, 1) 100%)","paddingsection":"40px 0px 20px 0px","paddingmobile":"40px 0px 20px 0px","marginsection":"0px 0px 0px 0px","marginmobile":"0px 0px 0px 0px"}},"product-grid":{"type":"main-collection-template","settings":{"collection_width":"container","products_per_page":12,"collection_perrow":"3","type_pagination":"pagi","enable_viewcolumn":true,"enable_filtering":true,"enable_sorting":true,"filter_type":"vertical","first_group":false,"open_group":true,"enable_color":true,"type_color":true,"style_color":"color_grid","style_size":"grid","enable_edit_item":false,"select_item":"product-7","enable_list_collection":false,"link_list_head":"","padding_top":48,"padding_bottom":48}}},"order":["collection-banner","ea7af2bd-7a4c-4129-ae32-bacb42814742","3718e2cb-5821-407b-acec-0f519cf8d4b4","product-grid"]}