{
  "sections": {
   
    "collection-banner": {
      "type": "main-collection-banner",
      "settings": {
        "show_collection_description": true,
        "show_collection_image": false,
        "img_bannercollection": "shopify:\/\/shop_images\/c1.jpg",
        "heading_size": "h2",
        "img_height": "350px",
        "image_text_color": "#ffffff",
        "image_overlay_color": "#000000",
        "image_overlay_opacity": 30,
        "enable_collection": true,
        "enable_count": true,
        "link_list_head": "collection"
      }
    },
    "product-grid": {
      "type": "main-collection-template",
      "settings": {
        "collection_width": "container",
        "products_per_page": 12,
        "collection_perrow": "3",
        "type_pagination": "pagi",
        "enable_viewcolumn": true,
        "enable_filtering": true,
        "enable_sorting": true,
        "filter_type": "vertical",
        "first_group": false,
        "open_group": true,
        "enable_color": true,
        "type_color": true,
        "style_color": "color_grid",
        "style_size": "grid",
        "enable_list_collection": false,
        "link_list_head": "collection",
        "padding_top": 48,
        "padding_bottom": 48
      }
    }
  },
  "order": [
    
    "collection-banner",
    "product-grid"
  ]
}