{
  "sections": {
    "0a081843-18cc-4628-a950-350c7308b356": {
      "type": "parallax-banner",
      "blocks": {
        "template--20258838741312__0a081843-18cc-4628-a950-350c7308b356-heading-1": {
          "type": "heading",
          "settings": {
            "title": "Collaboration with the English designer",
            "size_text": "h2"
          }
        },
        "template--20258838741312__0a081843-18cc-4628-a950-350c7308b356-paragraph-1": {
          "type": "paragraph",
          "settings": {
            "subtext": "This collection brings the designer’s signature aesthetic and style to a higher level, transforming essential household products into decorative as well as functional objects."
          }
        },
        "0c9bcfdc-8196-4783-bd27-25bd7010548e": {
          "type": "button",
          "settings": {
            "button": "View collection",
            "link": "#",
            "style_btn": "btn-outline btn-outline-white"
          }
        }
      },
      "block_order": [
        "template--20258838741312__0a081843-18cc-4628-a950-350c7308b356-heading-1",
        "template--20258838741312__0a081843-18cc-4628-a950-350c7308b356-paragraph-1",
        "0c9bcfdc-8196-4783-bd27-25bd7010548e"
      ],
      "disabled": true,
      "settings": {
        "animation": "fade-up",
        "setwidth": "full",
        "bgsection": "#ffffff",
        "parrallax_enable": true,
        "height_section": "450",
        "height_section_mobile": "350",
        "align": "center",
        "position_text": "mid-center",
        "bg_box": "#ffffff",
        "opacity_bgbox": 0,
        "title_color": "#ffffff",
        "bg_overlay": "#000000",
        "gradient_bg": "",
        "opacity_bg_overlay": 0.4,
        "paddingsection": "0px 0px 0px 0px",
        "marginsection": "0px 0px 0px 0px"
      }
    },
    "product_list_swiper_jrxHaw": {
      "type": "product-list-swiper",
      "custom_css": [
        ".product-card__overlay-btn .svg-cart {width: 20px; height: 20px; display: none !important;}",
        ".product-card--style4 .product-card__overlaybottom .btn {width: 100%; display: none;}"
      ],
      "settings": {
        "animation": "",
        "setwidth": "full",
        "e_size": "auto",
        "e_repeat": "no-repeat",
        "e_position": "center center",
        "bgsection": "#f3f3f3",
        "title_color": "rgba(0,0,0,0)",
        "title_top": "Various choices tailored for you",
        "title": "",
        "des": "",
        "align-heading": "center",
        "collection": "shop",
        "limit": 10,
        "perviewDesktop": 5,
        "spaceBetween": 30,
        "nowrap": false,
        "arrows": false,
        "scrollbar": true,
        "buttonall": "",
        "buttonall_link": "",
        "style_btn": "btn-theme",
        "enable_first_banner": false,
        "width_banner": 30,
        "subtitle_banner": "",
        "title_banner": "",
        "size_text": "h2",
        "des_banner": "Protection from the",
        "pos_banner": "mid-center",
        "button_banner": "discover now",
        "link_banner": "",
        "style_btn_banner": "btn-underline btn-underline-white",
        "text_banner_color": "#ffffff",
        "overlay_banner": "#000000",
        "opacity_banner": 0.2,
        "paddingsection": "0px 0px 0px 0px",
        "paddingmobile": "40px 0px 0px 0px",
        "marginsection": "0px 0px 0px 0px",
        "marginmobile": "0px 0px 0px 0px"
      }
    },
    "image_content_NAYy3m": {
      "type": "image-content",
      "blocks": {
        "image_block_nUWQwP": {
          "type": "image_block",
          "settings": {
            "image": "shopify://shop_images/image_664d9dd6-824a-4c0d-aec4-625d1d7af8d6.png"
          }
        }
      },
      "block_order": [
        "image_block_nUWQwP"
      ],
      "settings": {
        "animation": "",
        "setwidth": "container",
        "bgsection": "#f3f3f3",
        "rangebg": 0,
        "bgbefore": "rgba(0,0,0,0)",
        "bg_pos": "left",
        "enable_padding": true,
        "align_center": true,
        "paddingsection": "0px 0px 0px 0px",
        "paddingmobile": "0px 0px 0px 0px",
        "marginsection": "0px 0px 0px 0px",
        "marginmobile": "0px 0px 0px 0px"
      }
    },
    "product_with_image_g83hRQ": {
      "type": "product-with-image",
      "blocks": {
        "product_677gRx": {
          "type": "product",
          "settings": {
            "product_list": [
              "niam-kids-baby-pillow-2-pieces-5",
              "niam-kids-baby-pillow-2-pieces",
              "niam-kids-baby-pillow-2-pieces-1",
              "niam-kids-baby-pillow-2-pieces-2"
            ],
            "column": "2",
            "limit": 4
          }
        }
      },
      "block_order": [
        "product_677gRx"
      ],
      "disabled": true,
      "settings": {
        "animation": "",
        "setwidth": "container",
        "bgsection": "#ffffff",
        "title_top": "Our Products",
        "title": "",
        "des": "",
        "align-heading": "center",
        "pos_image": "normal",
        "paddingsection": "0px 0px 0px 0px",
        "paddingmobile": "40px 0px 40px 0px",
        "marginsection": "0px 0px 0px 0px",
        "marginmobile": "0px 0px 0px 0px"
      }
    },
    "products_custom_slider_dNXUww": {
      "type": "products-custom-slider",
      "blocks": {
        "slide_8mEawH": {
          "type": "slide",
          "settings": {
            "product_list": [
              "niam-kids-baby-pillow-2-pieces-5",
              "niam-kids-baby-pillow-2-pieces",
              "niam-kids-baby-pillow-2-pieces-1",
              "niam-kids-baby-pillow-2-pieces-2"
            ]
          }
        },
        "slide_TBjLWL": {
          "type": "slide",
          "settings": {
            "product_list": [
              "niam-kids-baby-pillow-2-pieces-4",
              "niam-kids-baby-pillow-2-pieces-3",
              "niam-kids-baby-pillow-2-pieces-2",
              "niam-kids-baby-pillow-2-pieces-1"
            ]
          }
        },
        "slide_UnTt97": {
          "type": "slide",
          "settings": {
            "product_list": [
              "niam-kids-baby-pillow-2-pieces-5",
              "niam-kids-baby-pillow-2-pieces-1",
              "niam-kids-baby-pillow-2-pieces-3",
              "niam-kids-baby-pillow-2-pieces-4"
            ]
          }
        }
      },
      "block_order": [
        "slide_8mEawH",
        "slide_TBjLWL",
        "slide_UnTt97"
      ],
      "settings": {
        "animation": "",
        "setwidth": "container",
        "scrollbar": true,
        "title_top": "Our Products"
      }
    },
    "reviews_and_insta_reels_wbyCn8": {
      "type": "reviews_and_insta_reels",
      "blocks": {
        "review_HWRcNa": {
          "type": "review",
          "settings": {
            "review_author": "محمد",
            "review_content": "اشتريت وسادة نيام كيدز ، بنتي ارتاحت عليها مرررا وصار نومها أهدى ، وحبيت فكرة الكفر المقاوم للماء. والأكيد بأشتري للكبار كمان ان شاء الله ."
          }
        },
        "review_HWRcNb": {
          "type": "review",
          "settings": {
            "review_author": "محمد",
            "review_content": "اشتريت وسادة نيام كيدز ، بنتي ارتاحت عليها مرررا وصار نومها أهدى ، وحبيت فكرة الكفر المقاوم للماء. والأكيد بأشتري للكبار كمان ان شاء الله ."
          }
        },
        "review_HWRcNc": {
          "type": "review",
          "settings": {
            "review_author": "محمد",
            "review_content": "اشتريت وسادة نيام كيدز ، بنتي ارتاحت عليها مرررا وصار نومها أهدى ، وحبيت فكرة الكفر المقاوم للماء. والأكيد بأشتري للكبار كمان ان شاء الله ."
          }
        },
        "review_HWRcNd": {
          "type": "review",
          "settings": {
            "review_author": "محمد",
            "review_content": "اشتريت وسادة نيام كيدز ، بنتي ارتاحت عليها مرررا وصار نومها أهدى ، وحبيت فكرة الكفر المقاوم للماء. والأكيد بأشتري للكبار كمان ان شاء الله ."
          }
        },
        "review_HWRcNe": {
          "type": "review",
          "settings": {
            "review_author": "محمد",
            "review_content": "اشتريت وسادة نيام كيدز ، بنتي ارتاحت عليها مرررا وصار نومها أهدى ، وحبيت فكرة الكفر المقاوم للماء. والأكيد بأشتري للكبار كمان ان شاء الله ."
          }
        },
        "review_HWRcNf": {
          "type": "review",
          "settings": {
            "review_author": "محمد",
            "review_content": "اشتريت وسادة نيام كيدز ، بنتي ارتاحت عليها مرررا وصار نومها أهدى ، وحبيت فكرة الكفر المقاوم للماء. والأكيد بأشتري للكبار كمان ان شاء الله ."
          }
        },
        "review_HWRcNg": {
          "type": "review",
          "settings": {
            "review_author": "محمد",
            "review_content": "اشتريت وسادة نيام كيدز ، بنتي ارتاحت عليها مرررا وصار نومها أهدى ، وحبيت فكرة الكفر المقاوم للماء. والأكيد بأشتري للكبار كمان ان شاء الله ."
          }
        },
        "review_HWRcNh": {
          "type": "review",
          "settings": {
            "review_author": "محمد",
            "review_content": "اشتريت وسادة نيام كيدز ، بنتي ارتاحت عليها مرررا وصار نومها أهدى ، وحبيت فكرة الكفر المقاوم للماء. والأكيد بأشتري للكبار كمان ان شاء الله ."
          }
        }
      },
      "block_order": [
        "review_HWRcNa",
        "review_HWRcNb",
        "review_HWRcNc",
        "review_HWRcNd",
        "review_HWRcNe",
        "review_HWRcNf",
        "review_HWRcNg",
        "review_HWRcNh"
      ],
      "settings": {}
    },
    "image_content_93xVC9": {
      "type": "image-content",
      "blocks": {
        "image_block_HbjeXe": {
          "type": "image_block",
          "settings": {
            "image": "shopify://shop_images/image_2024_10_20T00_25_14_805Z.png"
          }
        }
      },
      "block_order": [
        "image_block_HbjeXe"
      ],
      "custom_css": [],
      "settings": {
        "animation": "",
        "setwidth": "container",
        "bgsection": "#ffffff",
        "rangebg": 0,
        "bgbefore": "rgba(0,0,0,0)",
        "bg_pos": "left",
        "enable_padding": false,
        "align_center": true,
        "paddingsection": "0px 0px 0px 0px",
        "paddingmobile": "px 0px 0px 0px",
        "marginsection": "50px 0px 0px 0px",
        "marginmobile": "0px 0px 0px 0px"
      }
    },
    "pagefly-home": {
      "type": "pagefly-home",
      "settings": {}
    }
  },
  "order": [
    "0a081843-18cc-4628-a950-350c7308b356",
    "product_list_swiper_jrxHaw",
    "image_content_NAYy3m",
    "product_with_image_g83hRQ",
    "products_custom_slider_dNXUww",
    "image_content_93xVC9",
    "reviews_and_insta_reels_wbyCn8",
    "pagefly-home"
  ]
}