{
  "sections": {
    "main": {
      "type": "main-page",
      "settings": {
      }
    },
    "16402476915bccc6a7": {
      "type": "backgroundvideo",
      "blocks": {
        "51d3f50d-bcba-402f-95d5-20214fb273d7": {
          "type": "sub_title",
          "settings": {
            "subtitle": "ABOUT US"
          }
        },
        "af48e0ff-444a-4c43-9139-a13191c919b0": {
          "type": "heading",
          "settings": {
            "title": "We do high - quality products",
            "size_text": "h1"
          }
        },
        "33a4eb27-4abf-4e2e-b005-11c1ac777408": {
          "type": "paragraph",
          "settings": {
            "subtext": "Receive expert guidance in choosing the right fabrics and finding the perfect sofa, table, or dining chairs that suit your style and needs."
          }
        }
      },
      "block_order": [
        "51d3f50d-bcba-402f-95d5-20214fb273d7",
        "af48e0ff-444a-4c43-9139-a13191c919b0",
        "33a4eb27-4abf-4e2e-b005-11c1ac777408"
      ],
      "settings": {
        "animation": "fade-up",
        "setwidth": "full",
        "height_section": "650px",
        "height_section_mobile": "450px",
        "align": "center",
        "position_text": "mid-center",
        "link_video": "https:\/\/cdn.shopify.com\/videos\/c\/o\/v\/8a22045a170040548be246df92a343dd.mp4",
        "bgsection": "#ffffff",
        "bg_overlay": "#000000",
        "gradient_bg": "",
        "opacity_bg_overlay": 0.1,
        "title_color": "#ffffff",
        "bg_box": "#ffffff",
        "opacity_bgbox": 0,
        "marginsection": "0px 0px 0px 0px",
        "marginmobile": "0px 0px 0px 0px"
      }
    },
    "1709cb72-25b6-4bc0-9831-fc53df49e9d2": {
      "type": "rich-text",
      "blocks": {
        "e547e523-acd7-4023-af02-f2f77f3e60ce": {
          "type": "image",
          "settings": {
            "img-in-hero": 68,
            "image": "shopify:\/\/shop_images\/icon-lightbulb.webp",
            "image_link": ""
          }
        },
        "3a9001a2-5fe9-42b5-a290-b24d0649ccd5": {
          "type": "spacer",
          "settings": {
            "hero-spacer": 30
          }
        },
        "0f476c49-e094-4f6d-90a8-df8ef124fd7c": {
          "type": "sub_title",
          "settings": {
            "subtitle": "Our Story"
          }
        },
        "ca7db2ec-7284-4307-a6f5-0f536712f7a4": {
          "type": "heading",
          "settings": {
            "title": "At Design Within Reach, home comes first — We believe in creating and sourcing pieces that move with you and are meant to be enjoyed over a lifetime – from home to home, generation to generation. For us, that means exceptionally crafted, built-to-last, and beautifully designed furnishings.",
            "size_text": "h4"
          }
        },
        "9794eab1-6392-4acc-94b6-7c81c4850d1d": {
          "type": "button",
          "disabled": true,
          "settings": {
            "button": "discover now",
            "link": "#",
            "style_btn": "btn-underline"
          }
        }
      },
      "block_order": [
        "e547e523-acd7-4023-af02-f2f77f3e60ce",
        "3a9001a2-5fe9-42b5-a290-b24d0649ccd5",
        "0f476c49-e094-4f6d-90a8-df8ef124fd7c",
        "ca7db2ec-7284-4307-a6f5-0f536712f7a4",
        "9794eab1-6392-4acc-94b6-7c81c4850d1d"
      ],
      "settings": {
        "animation": "fade-up",
        "setwidth": "container",
        "bgsection": "#ffffff",
        "gradient_bg": "linear-gradient(180deg, rgba(247, 241, 231, 1), rgba(244, 242, 239, 0) 100%)",
        "title_color": "rgba(0,0,0,0)",
        "title_top": "",
        "title": "",
        "text": "",
        "align-heading": "center",
        "align-content": "center",
        "paddingsection": "100px 0px 100px 0px",
        "paddingmobile": "40px 0px 0px 0px",
        "marginsection": "0px 0px 0px 0px",
        "marginmobile": "0px 0px 0px 0px"
      }
    },
    "e13e1749-573b-4891-9b47-954cde47b500": {
      "type": "scrolling-text",
      "blocks": {
        "template--21109130330392__e13e1749-573b-4891-9b47-954cde47b500-item-1": {
          "type": "item",
          "settings": {
            "code": "MOLDING FURNITURE"
          }
        }
      },
      "block_order": [
        "template--21109130330392__e13e1749-573b-4891-9b47-954cde47b500-item-1"
      ],
      "settings": {
        "animation": "fade",
        "size_text": "h2",
        "text_style": "solid",
        "size_icon": 40,
        "speed": 10,
        "scroll_type": "from-right",
        "background": "#ffffff",
        "gradient_bg": "",
        "text": "rgba(0,0,0,0)",
        "paddingsection": "0px 0px 0px 0px",
        "paddingmobile": "40px 0px 40px 0px",
        "marginsection": "0px 0px 0px 0px",
        "marginmobile": "0px 0px 0px 0px"
      }
    },
    "1640249067965cb02d": {
      "type": "advanced-content",
      "blocks": {
        "0da5935f-bcb4-4f38-96d4-78e0ec3b4a0c": {
          "type": "image",
          "settings": {
            "width": "50%",
            "align": "auto",
            "image": "shopify:\/\/shop_images\/e017d2a1184425051_4.jpg",
            "width_image": 100,
            "image_link": "",
            "enable_top": false,
            "code": "",
            "padding-left": false,
            "padding-right": false
          }
        },
        "1640249067277694fd-0": {
          "type": "html",
          "settings": {
            "code": "<div class=\"pl-lg-5\">\n<span class=\"subtop\">excited <\/span>\n<h2 class=\"mt-3 mb-3\">Our mission<\/h2>\n<p class=\"mb-5\">\nSea Level Swim captures the essence of our Australian lifestyle through relaxed escapism,\na celebration of form and function and sustainable ideas.\n<\/p>\n<a class=\"btn btn-theme\" href=\"#\"> Read more<\/a>\n<\/div>",
            "width": "50%",
            "align": "center"
          }
        }
      },
      "block_order": [
        "0da5935f-bcb4-4f38-96d4-78e0ec3b4a0c",
        "1640249067277694fd-0"
      ],
      "settings": {
        "animation": "fade-up",
        "setwidth": "container",
        "text_color": "rgba(0,0,0,0)",
        "bgsection": "#ffffff",
        "rangebg": 0,
        "bgbefore": "rgba(0,0,0,0)",
        "e_size": "auto",
        "e_repeat": "no-repeat",
        "e_position": "center center",
        "zindex": "0",
        "title_top": "",
        "title": "",
        "des": "",
        "align-heading": "center",
        "padding": true,
        "gutter_padding": 30,
        "col_center": false,
        "paddingsection": "100px 0px 100px 0px",
        "paddingmobile": "60px 0px 60px 0px",
        "marginsection": "0px 0px 0px 0px",
        "marginmobile": "0px 0px 0px 0px"
      }
    },
    "eb8451fb-cc18-4b15-9852-18c939660c4e": {
      "type": "advanced-content",
      "blocks": {
        "c5976c2d-45e2-4242-b36d-dd21688fe650": {
          "type": "html",
          "settings": {
            "code": "<div class=\"pl-lg-5 pr-lg-5\">\n<span class=\"subtop\">HAY<\/span>\n<h2 class=\"mt-3 mb-3\">Our Brand<\/h2>\n<p class=\"mb-5\">\nIAt HAY, everything we make draws from three primary sources of inspiration: art, architecture, and fashion. We have always paid close attention to and been inspired by our surroundings, and putting our finger on the pulse of contemporary culture is how we keep pace with the world around us.\n<\/p>\n<a class=\"btn btn-theme\" href=\"#\"> Read more<\/a>\n<\/div>",
            "width": "50%",
            "align": "center"
          }
        },
        "85b0a301-2dce-4713-a228-254be41238ec": {
          "type": "image",
          "settings": {
            "width": "50%",
            "align": "auto",
            "image": "shopify:\/\/shop_images\/e07d21a184425051_4.jpg",
            "width_image": 100,
            "image_link": "",
            "enable_top": false,
            "code": "",
            "padding-left": false,
            "padding-right": false
          }
        }
      },
      "block_order": [
        "c5976c2d-45e2-4242-b36d-dd21688fe650",
        "85b0a301-2dce-4713-a228-254be41238ec"
      ],
      "settings": {
        "animation": "fade-up",
        "setwidth": "container",
        "text_color": "rgba(0,0,0,0)",
        "bgsection": "#ffffff",
        "rangebg": 0,
        "bgbefore": "rgba(0,0,0,0)",
        "e_size": "auto",
        "e_repeat": "no-repeat",
        "e_position": "center center",
        "zindex": "0",
        "title_top": "",
        "title": "",
        "des": "",
        "align-heading": "center",
        "padding": true,
        "gutter_padding": 30,
        "col_center": false,
        "paddingsection": "0px 0px 100px 0px",
        "paddingmobile": "60px 0px 60px 0px",
        "marginsection": "0px 0px 0px 0px",
        "marginmobile": "0px 0px 0px 0px"
      }
    },
    "1640249822349f58c7": {
      "type": "advanced-content",
      "blocks": {
        "16402498223f426db3-0": {
          "type": "html",
          "settings": {
            "code": "<div class=\"text-center mt-5  px-lg-5\" style=\"border-right: 1px solid rgba(255,255,255,0.1)\">\n<h4 class=\"mb-4\">\nModern Furniture Materials\n<\/h4>\n<p>\nMid-century modern designs are simple, comfortable, and mass-producible from affordable (yet high-quality) materials.<\/p>\n<div><\/div>\n<\/div>",
            "width": "33%",
            "align": "auto"
          }
        },
        "cc60faa4-f700-454c-b170-ae2148b201a2": {
          "type": "html",
          "settings": {
            "code": "<div class=\"text-center mt-5  px-lg-5\" style=\"border-right: 1px solid rgba(255,255,255,0.2)\">\n<h4 class=\"mb-4\">\nWhat Features Define Modern Furniture?\n<\/h4>\n<p>\nModern and mid-century modern furniture designs primarily feature.<\/p>\n<div><\/div>\n<\/div>",
            "width": "33%",
            "align": "auto"
          }
        },
        "7da3a34c-3ce6-4e1e-998b-755fa0b63af8": {
          "type": "html",
          "settings": {
            "code": "<div class=\"text-center mt-5  px-lg-5\">\n<h4 class=\" mb-4\">\nMid-Century Modern Designers\n<\/h4>\n<p>\nDuring the mid-century modern period, several mid-century modern designers rose to prominence for their roles in pioneering these modern styles.<\/p>\n<div><\/div>\n<\/div>",
            "width": "33%",
            "align": "auto"
          }
        },
        "a554d5b0-2bec-4123-adf5-5bdbd0b24f0e": {
          "type": "html",
          "disabled": true,
          "settings": {
            "code": "<div class=\"text-center mt-5\">\n<a class=\"btn btn-theme\" href=\"#\"> Read more<\/a>\n<\/div>",
            "width": "100%",
            "align": "auto"
          }
        }
      },
      "block_order": [
        "16402498223f426db3-0",
        "cc60faa4-f700-454c-b170-ae2148b201a2",
        "7da3a34c-3ce6-4e1e-998b-755fa0b63af8",
        "a554d5b0-2bec-4123-adf5-5bdbd0b24f0e"
      ],
      "settings": {
        "animation": "fade-up",
        "setwidth": "container",
        "text_color": "#000000",
        "bgsection": "#f2ebe3",
        "rangebg": 0,
        "bgbefore": "rgba(0,0,0,0)",
        "e_size": "auto",
        "e_repeat": "no-repeat",
        "e_position": "center center",
        "zindex": "0",
        "title_top": "",
        "title": "",
        "des": "",
        "align-heading": "center",
        "padding": false,
        "gutter_padding": 30,
        "col_center": false,
        "paddingsection": "60px 0px 90px 0px",
        "paddingmobile": "60px 0px 60px 0px",
        "marginsection": "0px 0px 0px 0px",
        "marginmobile": "0px 0px 0px 0px"
      }
    },
    "70b7f2d2-4c12-4305-88bd-da89e2d18d5b": {
      "type": "quotes-special",
      "blocks": {
        "template--14684877652053__70b7f2d2-4c12-4305-88bd-da89e2d18d5b-1665853262e19e6bf8-2": {
          "type": "quote",
          "settings": {
            "title": "Awesome",
            "quote": "<h4>\" I love Lola! They're one of my favorite brands. Customer service is excellent. I have only returned items once and it was so easy. \" <\/h4>",
            "rate": 5,
            "author": "—  Kai Felix",
            "info": "",
            "avatar": "shopify:\/\/shop_images\/118795749_248230149682238_6921509451634328613_n.jpg"
          }
        },
        "template--14684877652053__70b7f2d2-4c12-4305-88bd-da89e2d18d5b-1665853262e19e6bf8-1": {
          "type": "quote",
          "settings": {
            "title": "perfect !",
            "quote": "<h4>“ The most comfortable shoes ever!! I have them in 3 colors. And I am not done. \"<\/h4>",
            "rate": 5,
            "author": "—  Jaycie Glove",
            "info": "",
            "avatar": "shopify:\/\/shop_images\/designer-george-sowden.webp"
          }
        },
        "template--14684877652053__70b7f2d2-4c12-4305-88bd-da89e2d18d5b-1665853262e19e6bf8-0": {
          "type": "quote",
          "settings": {
            "title": "Wonderful !",
            "quote": "<h4>“Absolutely loved it. The fit, the quality and the color. This is a slim fit jean like none other and the only one I will buy.”<\/h4>",
            "rate": 5,
            "author": "— Susan P.",
            "info": "",
            "avatar": "shopify:\/\/shop_images\/inga-sempe-hero.webp"
          }
        }
      },
      "block_order": [
        "template--14684877652053__70b7f2d2-4c12-4305-88bd-da89e2d18d5b-1665853262e19e6bf8-2",
        "template--14684877652053__70b7f2d2-4c12-4305-88bd-da89e2d18d5b-1665853262e19e6bf8-1",
        "template--14684877652053__70b7f2d2-4c12-4305-88bd-da89e2d18d5b-1665853262e19e6bf8-0"
      ],
      "settings": {
        "animation": "fade-up",
        "setwidth": "container",
        "bgsection": "#ffffff",
        "title_top": "",
        "title": "",
        "des": "",
        "align-heading": "center",
        "color_rate": "#f1f1f1",
        "color_rated": "#000000",
        "image_size": "landscape",
        "arrows": true,
        "draggable": true,
        "dots": false,
        "infinite": true,
        "paddingsection": "100px 0px 100px 0px",
        "paddingmobile": "40px 0px 40px 0px",
        "marginsection": "0px 0px 0px 0px",
        "marginmobile": "0px 0px 0px 0px"
      }
    },
    "4e23e5dd-3451-47fa-a801-2e98e58aaadd": {
      "type": "image-content",
      "blocks": {
        "template--21109130330392__4e23e5dd-3451-47fa-a801-2e98e58aaadd-image_block-1": {
          "type": "image_block",
          "settings": {
            "image": "shopify:\/\/shop_images\/242105684_369893331500695_1017738032941729558_n.jpg"
          }
        },
        "template--21109130330392__4e23e5dd-3451-47fa-a801-2e98e58aaadd-text_block-1": {
          "type": "text_block",
          "settings": {
            "width": "100%",
            "bgtext": "#ffffff",
            "title_color": "rgba(0,0,0,0)",
            "subtitle": "DESIGNER?",
            "title": "What Is Contemporary Furniture Design?",
            "size_text": "h2",
            "text": "",
            "answer_content": "<p>Modern furniture design may sometimes be confused or used <br\/>interchangeably with contemporary furniture design, but the two are not <br\/>traditionally considered synonymous. While modern design refers to a <br\/>design style that was popular during a specific period, contemporary <br\/>design has a dynamic definition – it refers to whatever design style is <br\/>presently popular.<br\/><\/p>",
            "style_btn": "btn-theme",
            "button": "Read more",
            "link": "#",
            "enable_padding": true,
            "align": "left"
          }
        }
      },
      "block_order": [
        "template--21109130330392__4e23e5dd-3451-47fa-a801-2e98e58aaadd-image_block-1",
        "template--21109130330392__4e23e5dd-3451-47fa-a801-2e98e58aaadd-text_block-1"
      ],
      "settings": {
        "animation": "fade-up",
        "setwidth": "container",
        "bgsection": "#f5f2ea",
        "rangebg": 100,
        "bgbefore": "#344a52",
        "bg_pos": "right",
        "enable_padding": true,
        "align_center": true,
        "paddingsection": "100px 0px 100px 0px",
        "paddingmobile": "40px 0px 40px 0px",
        "marginsection": "0px 0px 0px 0px",
        "marginmobile": "0px 0px 0px 0px"
      }
    },
    "164025010979f1d019": {
      "type": "advanced-content",
      "blocks": {
        "30824ace-310b-4305-9e21-01a7cba35578": {
          "type": "image",
          "settings": {
            "width": "50%",
            "align": "auto",
            "width_image": 100,
            "image_link": "",
            "enable_top": false,
            "code": "",
            "padding-left": false,
            "padding-right": false
          }
        },
        "16402501092f772dfb-0": {
          "type": "html",
          "settings": {
            "code": "<div class=\"text-center px-lg-5\">\n<span class=\"subtop\">SUSTAINABILITY<\/span>\n<h2 class=\"my-3\">Our Fit Promise<\/h2>\n<p class=\"px-lg-5 mx-lg-5\">Clean-cut designs and clever contouring come together in the most iconic holiday essentials designed to enhance the body with ultimate support and comfort. Made with innovative regenerated fabric, our collections are future-focused, designed around the idea of easy, mix and match solutions in new season colours and signature prints.<\/p>\n<div class=\"text-center mt-5\">\n<a class=\"btn btn-theme\" href=\"#\"> Read more<\/a>\n<\/div>\n<\/div>",
            "width": "50%",
            "align": "center"
          }
        }
      },
      "block_order": [
        "30824ace-310b-4305-9e21-01a7cba35578",
        "16402501092f772dfb-0"
      ],
      "disabled": true,
      "settings": {
        "animation": "fade-up",
        "setwidth": "full",
        "text_color": "rgba(0,0,0,0)",
        "bgsection": "#f7f7f7",
        "rangebg": 0,
        "bgbefore": "rgba(0,0,0,0)",
        "e_size": "auto",
        "e_repeat": "no-repeat",
        "e_position": "center center",
        "zindex": "0",
        "title_top": "",
        "title": "",
        "des": "",
        "align-heading": "center",
        "padding": true,
        "gutter_padding": 30,
        "col_center": false,
        "paddingsection": "0px 0px 0px 0px",
        "paddingmobile": "60px 0px 60px 0px",
        "marginsection": "0px 0px 0px 0px",
        "marginmobile": "0px 0px 0px 0px"
      }
    },
    "9023d9a5-f48d-400d-86ac-2821223f115d": {
      "type": "grid-banner",
      "blocks": {
        "23e9e6c1-6bb7-4e7d-84b9-485964a1bdaf": {
          "type": "banner",
          "settings": {
            "width": "4",
            "enable_height_banner": false,
            "promo_banner_height": 520,
            "promo_banner_height_mobile": 400,
            "image": "shopify:\/\/shop_images\/Palissade_Chair_olive_Sowden_Bottle_blue_Jug_green_Tint_Tumbler_green.jpg",
            "subtitle": "",
            "title": "30 Stores",
            "size_text": "h4",
            "description": "There are 30 Seafolly stores <br>globally, 26 in Australia and 4 in Singapore.",
            "bg_color": "#ffffff",
            "colordef": "#ffffff",
            "opacity_bg": 0,
            "style_btn": "btn-theme btn-white",
            "button_text": "Find a store",
            "button_link": "",
            "vertical": "bottom",
            "horizontal": "center",
            "text_align": "center"
          }
        },
        "template--19549171155264__9023d9a5-f48d-400d-86ac-2821223f115d-banner-1": {
          "type": "banner",
          "settings": {
            "width": "4",
            "enable_height_banner": false,
            "promo_banner_height": 520,
            "promo_banner_height_mobile": 400,
            "image": "shopify:\/\/shop_images\/Tint_Tumbler_green_Sip_Swirl_Coaster_grey.jpg",
            "subtitle": "",
            "title": "300+ Employees",
            "size_text": "h4",
            "description": "Including the Seafolly Support <br>Centre in Sydney and Retail teams across Australia",
            "bg_color": "#ffffff",
            "colordef": "#ffffff",
            "opacity_bg": 0,
            "style_btn": "btn-theme btn-white",
            "button_text": "Work with us",
            "button_link": "",
            "vertical": "bottom",
            "horizontal": "center",
            "text_align": "center"
          }
        },
        "d6983657-3f32-4b37-a862-fc26b411eefe": {
          "type": "banner",
          "settings": {
            "width": "4",
            "enable_height_banner": false,
            "promo_banner_height": 520,
            "promo_banner_height_mobile": 400,
            "image": "shopify:\/\/shop_images\/Travel_Cup_0.5_litre_mint.jpg",
            "subtitle": "",
            "title": "50 Countries",
            "size_text": "h4",
            "description": "Seafolly is sold in over 2100 <br>locations globally including major retailers <br>and online sites.",
            "bg_color": "#ffffff",
            "colordef": "#ffffff",
            "opacity_bg": 0,
            "style_btn": "btn-theme btn-white",
            "button_text": "Location",
            "button_link": "",
            "vertical": "bottom",
            "horizontal": "center",
            "text_align": "center"
          }
        }
      },
      "block_order": [
        "23e9e6c1-6bb7-4e7d-84b9-485964a1bdaf",
        "template--19549171155264__9023d9a5-f48d-400d-86ac-2821223f115d-banner-1",
        "d6983657-3f32-4b37-a862-fc26b411eefe"
      ],
      "settings": {
        "animation": "fade-up",
        "setwidth": "container",
        "bgsection": "#ffffff",
        "title_top": "",
        "title": "",
        "des": "",
        "align-heading": "center",
        "no_gutter": false,
        "gutter_padding": 30,
        "show_overlay": true,
        "gradient_overlay": true,
        "bg_overlay": "#000000",
        "opacity_overlay": 0.7,
        "paddingsection": "100px 0px 100px 0px",
        "paddingmobile": "40px 0px 20px 0px",
        "marginsection": "0px 0px 0px 0px",
        "marginmobile": "0px 0px 0px 0px"
      }
    },
    "1660925094098c539e": {
      "type": "instagram-customize",
      "blocks": {
        "1660925094098c539e-0": {
          "type": "image",
          "settings": {
            "image": "shopify:\/\/shop_images\/117682816_610638836547346_2990752233920683601_n.jpg",
            "image_link": "https:\/\/www.instagram.com\/p\/Cu3wKNqvfPG\/"
          }
        },
        "1660925094098c539e-1": {
          "type": "image",
          "settings": {
            "image": "shopify:\/\/shop_images\/279761859_523128179259221_8735502116657084738_n.jpg",
            "image_link": "https:\/\/www.instagram.com\/p\/CuyrWWgPTY6\/"
          }
        },
        "6ecfa747-1624-47c4-8967-277d3c819672": {
          "type": "video",
          "disabled": true,
          "settings": {
            "video_url": "https:\/\/cdn.shopify.com\/videos\/c\/o\/v\/aabbcacc033f492eb4f2732216fbe7d9.mp4",
            "image_link": "https:\/\/www.instagram.com\/reel\/CcSe0EiKaL4\/",
            "enable_play_video": true
          }
        },
        "1660925094098c539e-4": {
          "type": "image",
          "settings": {
            "image": "shopify:\/\/shop_images\/42382576_237178633820669_270617435187535641_n.jpg",
            "image_link": "https:\/\/www.instagram.com\/p\/CtQ1RAMvvGv\/"
          }
        },
        "1660925094098c539e-2": {
          "type": "image",
          "settings": {
            "image": "shopify:\/\/shop_images\/70306945_141693430439605_1587698108330359098_n.jpg",
            "image_link": "https:\/\/www.instagram.com\/p\/CueN3LZPQYA\/"
          }
        },
        "1660925094098c539e-3": {
          "type": "image",
          "settings": {
            "image": "shopify:\/\/shop_images\/94321878_104070254564418_2285062657065578548_n.jpg",
            "image_link": "#"
          }
        },
        "a3a10629-8bb5-4700-b3af-1c908798381a": {
          "type": "video",
          "disabled": true,
          "settings": {
            "video_url": "https:\/\/cdn.shopify.com\/videos\/c\/o\/v\/42a9e75219f6412ab5309312b07982a6.mp4",
            "image_link": "https:\/\/www.instagram.com\/p\/CT1byDeliOs\/",
            "enable_play_video": false
          }
        },
        "1660925094098c539e-5": {
          "type": "image",
          "settings": {
            "image": "shopify:\/\/shop_images\/275583930_300585048674569_577797502455676454_n.jpg",
            "image_link": "#"
          }
        }
      },
      "block_order": [
        "1660925094098c539e-0",
        "1660925094098c539e-1",
        "6ecfa747-1624-47c4-8967-277d3c819672",
        "1660925094098c539e-4",
        "1660925094098c539e-2",
        "1660925094098c539e-3",
        "a3a10629-8bb5-4700-b3af-1c908798381a",
        "1660925094098c539e-5"
      ],
      "settings": {
        "animation": "fade-up",
        "setwidth": "container-fluid",
        "bgsection": "#f5ede3",
        "title_top": "",
        "title": "@Molding",
        "des": "Find the best lifestyle influencers on Instagram to follow.",
        "align-heading": "center",
        "image_size": "square",
        "arrows": false,
        "draggable": true,
        "dots": true,
        "infinite": true,
        "show": 6,
        "padding": true,
        "gutter_padding": 4,
        "paddingsection": "90px 0px 100px 0px",
        "paddingmobile": "20px 0px 30px 0px",
        "marginsection": "0px 0px 0px 0px",
        "marginmobile": "0px 0px 0px 0px"
      }
    }
  },
  "order": [
    "main",
    "16402476915bccc6a7",
    "1709cb72-25b6-4bc0-9831-fc53df49e9d2",
    "e13e1749-573b-4891-9b47-954cde47b500",
    "1640249067965cb02d",
    "eb8451fb-cc18-4b15-9852-18c939660c4e",
    "1640249822349f58c7",
    "70b7f2d2-4c12-4305-88bd-da89e2d18d5b",
    "4e23e5dd-3451-47fa-a801-2e98e58aaadd",
    "164025010979f1d019",
    "9023d9a5-f48d-400d-86ac-2821223f115d",
    "1660925094098c539e"
  ]
}