{"sections":{"page-header":{"type":"main-page-header","disabled":true,"settings":{"text_size":"xl","height":"small","overlay":0,"color_scheme":"invert"}},"main":{"type":"main-page","disabled":true,"settings":{}},"6531b97b-a8c8-49cb-837a-480a09f4d77c":{"type":"about-sec1","settings":{"heading":"Neyam - largest comfort seller in the world.","descp":"<p>Pellentesque ultrices, dui vel hendrerit iaculis, ipsum velit vestibulum risus, ac tincidunt diam lectus id magna. Praesent maximus lobortis neque sit amet rhoncus. Nullam tempus lectus a dui aliquet, non ultricies nibh elementum. Nulla ac nulla dolor. <\/p><ul><li>elementum. Nulla ac nulla dolor.<\/li><li>elementum. Nulla ac nulla dolor.<\/li><li>elementum. Nulla ac nulla dolor.<\/li><\/ul>","image":"shopify:\/\/shop_images\/unsplash_alw-CwGFmwQ.png"}}},"order":["page-header","main","6531b97b-a8c8-49cb-837a-480a09f4d77c"]}