{
  "sections": {
    "main": {
      "type": "main-page",
      "settings": {
      }
    },
    "bfc70ef2-4d5d-44da-8cd0-774a9b817f64": {
      "type": "parallax-banner",
      "blocks": {
        "template--18049703772478__bfc70ef2-4d5d-44da-8cd0-774a9b817f64-16774805461c3b0f88-0": {
          "type": "sub_title",
          "settings": {
            "subtitle": "ss '23 Collection"
          }
        },
        "template--18049703772478__bfc70ef2-4d5d-44da-8cd0-774a9b817f64-16774805461c3b0f88-1": {
          "type": "heading",
          "settings": {
            "title": "Sunshine Essentials",
            "size_text": "h1"
          }
        },
        "template--18049703772478__bfc70ef2-4d5d-44da-8cd0-774a9b817f64-16774805461c3b0f88-2": {
          "type": "paragraph",
          "settings": {
            "subtext": "This lookbook explores the pieces you’ll find in <br>our collection right now"
          }
        },
        "24c441bf-a23f-4ece-939a-d37d5e1b6abf": {
          "type": "button",
          "settings": {
            "button": "discover now",
            "link": "shopify:\/\/collections\/all",
            "style_btn": "btn-theme btn-white"
          }
        }
      },
      "block_order": [
        "template--18049703772478__bfc70ef2-4d5d-44da-8cd0-774a9b817f64-16774805461c3b0f88-0",
        "template--18049703772478__bfc70ef2-4d5d-44da-8cd0-774a9b817f64-16774805461c3b0f88-1",
        "template--18049703772478__bfc70ef2-4d5d-44da-8cd0-774a9b817f64-16774805461c3b0f88-2",
        "24c441bf-a23f-4ece-939a-d37d5e1b6abf"
      ],
      "settings": {
        "animation": "fade",
        "setwidth": "full",
        "bgsection": "#ffffff",
        "parrallax_enable": true,
        "image": "shopify:\/\/shop_images\/W-DWR_2520683_100298301_light_v2_104.jpg",
        "height_section": "650",
        "height_section_mobile": "450",
        "align": "center",
        "position_text": "mid-center",
        "bg_box": "#ffffff",
        "opacity_bgbox": 0,
        "title_color": "#ffffff",
        "bg_overlay": "#000000",
        "gradient_bg": "",
        "opacity_bg_overlay": 0.3,
        "paddingsection": "0px 0px 0px 0px",
        "marginsection": "0px 0px 0px 0px"
      }
    },
    "1acb18f9-947f-417a-af62-5ae719a92e75": {
      "type": "scrolling-text",
      "blocks": {
        "template--18054171164990__1acb18f9-947f-417a-af62-5ae719a92e75-1677516015a2874a88-0": {
          "type": "item",
          "settings": {
            "code": "Decadent Looks 20% Off"
          }
        },
        "6c941bd2-feff-467c-a408-ac910ee82766": {
          "type": "item",
          "settings": {
            "code": "Free Shipping. Free Exchanges. Free Returns."
          }
        }
      },
      "block_order": [
        "template--18054171164990__1acb18f9-947f-417a-af62-5ae719a92e75-1677516015a2874a88-0",
        "6c941bd2-feff-467c-a408-ac910ee82766"
      ],
      "settings": {
        "animation": "",
        "size_text": "h6",
        "text_style": "solid",
        "size_icon": 24,
        "speed": 15,
        "scroll_type": "from-left",
        "background": "#cfeee6",
        "gradient_bg": "linear-gradient(0deg, rgba(121, 128, 252, 0), rgba(253, 238, 233, 1) 100%)",
        "text": "#212b36",
        "paddingsection": "40px 0px 10px 0px",
        "paddingmobile": "40px 0px 0px 0px",
        "marginsection": "0px 0px 0px 0px",
        "marginmobile": "0px 0px 0px 0px"
      }
    },
    "36bd0f53-2e60-4387-a0a2-2f7fee7ce646": {
      "type": "grid-banner-2",
      "blocks": {
        "template--18049703772478__36bd0f53-2e60-4387-a0a2-2f7fee7ce646-1677481737180c98cd-0": {
          "type": "banner",
          "settings": {
            "paddingblock": "0px 0px 0px 0px",
            "border_banner": "rgba(0,0,0,0)",
            "bg_banner": "rgba(0,0,0,0)",
            "image": "shopify:\/\/shop_images\/e0117d2a184425051_4.jpg",
            "width": "6",
            "description": "<h4 class=\"mb-2\">New Collection <\/h4><p>Our new affordable home collection that caters to your unique decor style.<\/p>",
            "button_text": "shop now",
            "button_link": "",
            "style_btn": "btn-underline",
            "reverse": "flex-column",
            "text_align": "center"
          }
        },
        "template--18049703772478__36bd0f53-2e60-4387-a0a2-2f7fee7ce646-1677481737180c98cd-1": {
          "type": "banner",
          "settings": {
            "paddingblock": "0px 0px 0px 0px",
            "border_banner": "rgba(0,0,0,0)",
            "bg_banner": "rgba(0,0,0,0)",
            "image": "shopify:\/\/shop_images\/1e07d2a184425051_4_797b2f3c-ee39-4919-9f4b-7bbc993395bb.jpg",
            "width": "6",
            "description": "<h4 class=\"mb-2\">Find a Great Deal<\/h4><p>Ready your rooms with great prices on furniture from favorite brands.<\/p>",
            "button_text": "Shop now",
            "button_link": "",
            "style_btn": "btn-underline",
            "reverse": "flex-column",
            "text_align": "center"
          }
        }
      },
      "block_order": [
        "template--18049703772478__36bd0f53-2e60-4387-a0a2-2f7fee7ce646-1677481737180c98cd-0",
        "template--18049703772478__36bd0f53-2e60-4387-a0a2-2f7fee7ce646-1677481737180c98cd-1"
      ],
      "settings": {
        "animation": "fade-up",
        "setwidth": "container",
        "bgsection": "#ffffff",
        "title_top": "",
        "title": "Fresh silhouettes",
        "des": "Here are some of the best Lola pieces for a new take on dressing. Styled correctly, <br>these dresses can be worn in all seasons.",
        "align-heading": "center",
        "no_gutter": false,
        "gutter_padding": 30,
        "paddingsection": "80px 0px 80px 0px",
        "paddingmobile": "40px 0px 40px 0px",
        "marginsection": "0px 0px 0px 0px",
        "marginmobile": "0px 0px 0px 0px"
      }
    },
    "657ee605-8f03-4dfa-9154-9041b243933b": {
      "type": "rich-text",
      "blocks": {
        "de9568dd-fc6b-4ce1-a683-dccb82060301": {
          "type": "sub_title",
          "settings": {
            "subtitle": "<span class=\"txt-heading\">Promotion<\/span>"
          }
        },
        "99137f85-5414-4740-9a5f-ce713d28fb0a": {
          "type": "heading",
          "settings": {
            "title": "Up to 35% off  for tops collections",
            "size_text": "h1"
          }
        },
        "abdb00d6-2be3-4c85-83f6-0e1dfdbc712b": {
          "type": "paragraph",
          "settings": {
            "subtext": "<p>Surprise discount, unlocked <\/p>\n<div class=\"small\">\nLimited time only. Selected styles marked down as shown.\n<\/div>"
          }
        }
      },
      "block_order": [
        "de9568dd-fc6b-4ce1-a683-dccb82060301",
        "99137f85-5414-4740-9a5f-ce713d28fb0a",
        "abdb00d6-2be3-4c85-83f6-0e1dfdbc712b"
      ],
      "disabled": true,
      "settings": {
        "animation": "fade-up",
        "setwidth": "container",
        "bgsection": "#f5a478",
        "gradient_bg": "linear-gradient(180deg, rgba(255, 211, 226, 0), rgba(253, 238, 233, 0.9882) 100%)",
        "title_color": "#212b36",
        "title_top": "",
        "title": "",
        "text": "",
        "align-heading": "center",
        "align-content": "center",
        "paddingsection": "40px 0px 30px 0px",
        "paddingmobile": "40px 0px 40px 0px",
        "marginsection": "0px 0px 0px 0px",
        "marginmobile": "0px 0px 0px 0px"
      }
    },
    "70e28503-a6af-4ab0-8360-56535dd5e57f": {
      "type": "shop-the-look",
      "blocks": {
        "template--18054171164990__70e28503-a6af-4ab0-8360-56535dd5e57f-1677520239f25898d1-0": {
          "type": "product_block",
          "settings": {
            "product_item": "hay-bottoms-up-vase-large-navy-blue",
            "left": 29,
            "top": 50,
            "dot_color": "#d96b4f"
          }
        },
        "template--18054171164990__70e28503-a6af-4ab0-8360-56535dd5e57f-1677520239f25898d1-1": {
          "type": "product_block",
          "settings": {
            "product_item": "bottoms-up-vase-yellow",
            "left": 71,
            "top": 71,
            "dot_color": "#d96b4f"
          }
        }
      },
      "block_order": [
        "template--18054171164990__70e28503-a6af-4ab0-8360-56535dd5e57f-1677520239f25898d1-0",
        "template--18054171164990__70e28503-a6af-4ab0-8360-56535dd5e57f-1677520239f25898d1-1"
      ],
      "settings": {
        "animation": "",
        "setwidth": "container",
        "bgsection": "#ffffff",
        "image": "shopify:\/\/shop_images\/Bottoms_Up_Vase_electric_blue_S_amber_L_navy_blue_L.webp",
        "enable_right": false,
        "enable_heading_right": false,
        "title_top": "ss 2023",
        "title": "Shop the look",
        "des": "",
        "align-heading": "center",
        "arrows": false,
        "draggable": true,
        "dots": true,
        "infinite": true,
        "paddingsection": "110px 0px 0px 0px",
        "paddingmobile": "40px 0px 40px 0px",
        "marginsection": "0px 0px 0px 0px",
        "marginmobile": "0px 0px 0px 0px"
      }
    },
    "9e2a0b0c-ab2a-48f8-a552-99bc69cfc615": {
      "type": "product-tab",
      "blocks": {
        "template--18049703772478__9e2a0b0c-ab2a-48f8-a552-99bc69cfc615-16774820468aa6c7f4-1": {
          "type": "collection",
          "settings": {
            "title": "BEST SELLER",
            "collection": "best-seller"
          }
        },
        "template--18049703772478__9e2a0b0c-ab2a-48f8-a552-99bc69cfc615-16774820468aa6c7f4-2": {
          "type": "collection",
          "settings": {
            "title": "NEW ARRIVALS",
            "collection": "new-arrivals"
          }
        },
        "template--18049703772478__9e2a0b0c-ab2a-48f8-a552-99bc69cfc615-16774820468aa6c7f4-0": {
          "type": "collection",
          "settings": {
            "title": "ENAMEL",
            "collection": "enamel-collection"
          }
        }
      },
      "block_order": [
        "template--18049703772478__9e2a0b0c-ab2a-48f8-a552-99bc69cfc615-16774820468aa6c7f4-1",
        "template--18049703772478__9e2a0b0c-ab2a-48f8-a552-99bc69cfc615-16774820468aa6c7f4-2",
        "template--18049703772478__9e2a0b0c-ab2a-48f8-a552-99bc69cfc615-16774820468aa6c7f4-0"
      ],
      "settings": {
        "animation": "fade-up",
        "setwidth": "container",
        "bgsection": "#ffffff",
        "title_top": "",
        "title": "Essentials",
        "des": "The 2023 Collection is an answer to the real-world situation",
        "align-heading": "center",
        "style_tab": "line",
        "enable_carousel": true,
        "arrows": false,
        "draggable": true,
        "dots": true,
        "infinite": true,
        "rows": "1",
        "spaceBetween": 30,
        "limit": 4,
        "show": 4,
        "buttonall": "",
        "buttonall_link": "",
        "style_btn": "btn-theme",
        "paddingsection": "80px 0px 40px 0px",
        "paddingmobile": "40px 0px 40px 0px",
        "marginsection": "0px 0px 0px 0px",
        "marginmobile": "0px 0px 0px 0px"
      }
    },
    "7668b93c-0a5c-4904-a558-238b0cb39db0": {
      "type": "image-content",
      "blocks": {
        "template--18049703772478__7668b93c-0a5c-4904-a558-238b0cb39db0-16774828189e609923-1": {
          "type": "text_block",
          "settings": {
            "width": "75%",
            "bgtext": "#f4efe9",
            "title_color": "rgba(0,0,0,0)",
            "subtitle": "SUMMER 23'",
            "title": "Limited Edition",
            "size_text": "h2",
            "text": "<p>Pair large text with an image to give focus to your chosen product, collection, or blog post. Add details on availability, style, or even provide a review.<\/p>",
            "answer_content": "",
            "style_btn": "btn-theme",
            "button": "discover now",
            "link": "shopify:\/\/collections\/women",
            "enable_padding": true,
            "align": "center"
          }
        },
        "template--18049703772478__7668b93c-0a5c-4904-a558-238b0cb39db0-16774828189e609923-0": {
          "type": "image_block",
          "settings": {
            "image": "shopify:\/\/shop_images\/35616451_205920339950385_8388586666897440768_n.jpg"
          }
        }
      },
      "block_order": [
        "template--18049703772478__7668b93c-0a5c-4904-a558-238b0cb39db0-16774828189e609923-1",
        "template--18049703772478__7668b93c-0a5c-4904-a558-238b0cb39db0-16774828189e609923-0"
      ],
      "settings": {
        "animation": "fade-up",
        "setwidth": "container",
        "bgsection": "#ffffff",
        "rangebg": 100,
        "bgbefore": "#e6d3bf",
        "bg_pos": "left",
        "enable_padding": false,
        "align_center": true,
        "paddingsection": "80px 0px 80px 0px",
        "paddingmobile": "40px 0px 40px 0px",
        "marginsection": "0px 0px 0px 0px",
        "marginmobile": "0px 0px 0px 0px"
      }
    },
    "e5f21d0c-5b55-42c1-852f-1c63b9238d75": {
      "type": "featured-collections-5",
      "blocks": {
        "template--18049703772478__e5f21d0c-5b55-42c1-852f-1c63b9238d75-16774833760050901e-1": {
          "type": "collection",
          "settings": {
            "collection": "office",
            "image": "shopify:\/\/shop_images\/Slant_233_khaki_green.jpg",
            "color": "#ffffff",
            "enable_gradient": false,
            "bg_overlay": "#222222",
            "opacity_overlay": 0.2
          }
        },
        "template--18049703772478__e5f21d0c-5b55-42c1-852f-1c63b9238d75-16774833760050901e-2": {
          "type": "collection",
          "settings": {
            "collection": "decoration",
            "image": "shopify:\/\/shop_images\/507189_2_0afc9707-29c9-4642-8f0e-a98e45886d24.jpg",
            "color": "#ffffff",
            "enable_gradient": false,
            "bg_overlay": "#222222",
            "opacity_overlay": 0.2
          }
        },
        "b9f2a89a-4eef-4abe-bc9a-b7df5c13ca36": {
          "type": "collection",
          "settings": {
            "collection": "kitchen",
            "image": "shopify:\/\/shop_images\/Coffee-M-mint_Borosilicate-Mug-pink.jpg",
            "color": "#ffffff",
            "enable_gradient": false,
            "bg_overlay": "#222222",
            "opacity_overlay": 0.2
          }
        },
        "template--18049703772478__e5f21d0c-5b55-42c1-852f-1c63b9238d75-16774833760050901e-0": {
          "type": "collection",
          "settings": {
            "collection": "books",
            "image": "shopify:\/\/shop_images\/Tin_by_Sowden_blue_Swirl_Bowl_multi_splash_564124c7-1f8f-4662-b390-67b91400889e.jpg",
            "color": "#ffffff",
            "enable_gradient": false,
            "bg_overlay": "#222222",
            "opacity_overlay": 0.4
          }
        }
      },
      "block_order": [
        "template--18049703772478__e5f21d0c-5b55-42c1-852f-1c63b9238d75-16774833760050901e-1",
        "template--18049703772478__e5f21d0c-5b55-42c1-852f-1c63b9238d75-16774833760050901e-2",
        "b9f2a89a-4eef-4abe-bc9a-b7df5c13ca36",
        "template--18049703772478__e5f21d0c-5b55-42c1-852f-1c63b9238d75-16774833760050901e-0"
      ],
      "settings": {
        "animation": "fade-up",
        "setwidth": "container",
        "bgsection": "#ffffff",
        "title_top": "",
        "title": "Our Collections",
        "des": "We empower women to feel extra special, supremely confident, and proud of their small boobs",
        "align-heading": "center",
        "layout": "collage-4",
        "col": "col-lg-6",
        "enable_padding": true,
        "gutter_padding": 30,
        "show_overlay": true,
        "size_image_col": "auto",
        "size_title": "h4",
        "paddingsection": "80px 0px 80px 0px",
        "paddingmobile": "40px 0px 40px 0px",
        "marginsection": "0px 0px 0px 0px",
        "marginmobile": "0px 0px 0px 0px"
      }
    },
    "74fe352f-6863-4784-8564-2ac78bc05b82": {
      "type": "product-list-swiper",
      "settings": {
        "animation": "fade-up",
        "setwidth": "container",
        "e_size": "auto",
        "e_repeat": "no-repeat",
        "e_position": "center center",
        "bgsection": "#ffffff",
        "title_color": "rgba(0,0,0,0)",
        "title_top": "",
        "title": "Best Seller",
        "des": "Resulting in a collection of relaxed silhouettes and a calm, soothing color palette.",
        "align-heading": "center",
        "collection": "decoration",
        "limit": 10,
        "perviewDesktop": 4,
        "spaceBetween": 30,
        "nowrap": true,
        "arrows": true,
        "scrollbar": true,
        "buttonall": "",
        "buttonall_link": "",
        "style_btn": "btn-theme",
        "enable_first_banner": false,
        "width_banner": 30,
        "subtitle_banner": "Sub Title",
        "title_banner": "Title Banner",
        "size_text": "h2",
        "des_banner": "Protection from the",
        "pos_banner": "mid-center",
        "button_banner": "discover now",
        "link_banner": "",
        "style_btn_banner": "btn-underline btn-underline-white",
        "text_banner_color": "#ffffff",
        "overlay_banner": "#000000",
        "opacity_banner": 0.2,
        "paddingsection": "0px 0px 80px 0px",
        "paddingmobile": "40px 0px 40px 0px",
        "marginsection": "0px 0px 0px 0px",
        "marginmobile": "0px 0px 0px 0px"
      }
    },
    "52306f51-7f29-4002-bf5d-1f61555d188c": {
      "type": "grid-banner-2",
      "blocks": {
        "template--18049703772478__52306f51-7f29-4002-bf5d-1f61555d188c-1677484273c4fc2de7-1": {
          "type": "banner",
          "settings": {
            "paddingblock": "0px 0px 0px 0px",
            "border_banner": "rgba(0,0,0,0)",
            "bg_banner": "rgba(0,0,0,0)",
            "image": "shopify:\/\/shop_images\/69743426_2278434182285431_2082012348267418174_n_abec0a01-c1d1-4575-9304-1792e6790a92.jpg",
            "width": "4",
            "description": "<h4 class=\"mb-2\">The aha moment  <\/h4><p>The idea for Design Within Reach came to founder Rob Forbes in 1998, when he tried to furnish his apartment with the clean, simple classics he’d come to appreciate while living in London. He discovered that works by designers such as the Eameses, Le Corbusier and Saarinen were “out of reach” for anyone who didn’t know the secret handshake or have the patience to wait months for delivery. <\/p>",
            "button_text": "View more",
            "button_link": "",
            "style_btn": "btn-underline",
            "reverse": "flex-column",
            "text_align": "left"
          }
        },
        "9c663f54-2394-41be-84c2-e0b65b7fe43f": {
          "type": "banner",
          "settings": {
            "paddingblock": "0px 0px 0px 0px",
            "border_banner": "rgba(0,0,0,0)",
            "bg_banner": "rgba(0,0,0,0)",
            "image": "shopify:\/\/shop_images\/290175187_8060624937281728_8249826168810063658_n.jpg",
            "width": "4",
            "description": "<h4 class=\"mb-2\">Taking action<\/h4><p>Realizing there had to be a better way, Rob and a small team bought 20 containers of inventory, mailed a catalog and waited for the phone to ring. (It didn’t for 24 hours, until we realized that we’d accidentally left the answering service on.) <\/p>",
            "button_text": "View more",
            "button_link": "",
            "style_btn": "btn-underline",
            "reverse": "flex-column",
            "text_align": "left"
          }
        },
        "template--18049703772478__52306f51-7f29-4002-bf5d-1f61555d188c-1677484273c4fc2de7-0": {
          "type": "banner",
          "settings": {
            "paddingblock": "0px 0px 0px 0px",
            "border_banner": "rgba(0,0,0,0)",
            "bg_banner": "rgba(0,0,0,0)",
            "image": "shopify:\/\/shop_images\/273082598_470569667997779_8696254499252412470_n.jpg",
            "width": "4",
            "description": "<h4 class=\"mb-2\">Feeling the love  <\/h4><p>Architects, interior designers, and the general public responded immediately, and to our surprise, so did the brands that Rob had struggled to get his hands on just months earlier. One of the first brands to appreciate our approach was the Michigan-based company Herman Miller. Within a year of launching, we were bringing the Eames Lounge Chair, Aeron Chair, and many other Herman Miller favorites directly to retail customers across the country via catalog – for the first time ever.<\/p>",
            "button_text": "View more",
            "button_link": "",
            "style_btn": "btn-underline",
            "reverse": "flex-column",
            "text_align": "left"
          }
        }
      },
      "block_order": [
        "template--18049703772478__52306f51-7f29-4002-bf5d-1f61555d188c-1677484273c4fc2de7-1",
        "9c663f54-2394-41be-84c2-e0b65b7fe43f",
        "template--18049703772478__52306f51-7f29-4002-bf5d-1f61555d188c-1677484273c4fc2de7-0"
      ],
      "settings": {
        "animation": "fade-up",
        "setwidth": "container",
        "bgsection": "#ffffff",
        "title_top": "",
        "title": "Our History",
        "des": "High-octane glamour underpinned by hard-edged details — the label’s latest collection has a powerful new energy",
        "align-heading": "center",
        "no_gutter": false,
        "gutter_padding": 30,
        "paddingsection": "0px 0px 60px 0px",
        "paddingmobile": "40px 0px 40px 0px",
        "marginsection": "0px 0px 0px 0px",
        "marginmobile": "0px 0px 0px 0px"
      }
    },
    "14f41957-6237-4fb8-856b-466ec72fc702": {
      "type": "line",
      "settings": {
        "animation": "",
        "paddingsection": "0px 0px 0px 0px",
        "marginsection": "0px 0px 0px 0px",
        "bgsection": "#ffffff",
        "setwidth": "container",
        "bgborder": "#e6e6e6",
        "wborder": "1px"
      }
    },
    "4a37469d-8b46-423e-a19f-d1a7859e5dc5": {
      "type": "service",
      "blocks": {
        "template--18054171164990__4a37469d-8b46-423e-a19f-d1a7859e5dc5-16775220039810dca7-0": {
          "type": "service",
          "settings": {
            "bgblock": "#ffffff",
            "title": "Free shipping",
            "description": "Shopping order + $99",
            "icon": "<svg aria-hidden=\"true\" focusable=\"false\" role=\"presentation\" class=\"icon icon-truck\" viewbox=\"0 0 82 82\"><path d=\"M7.238 68.717H1.867V2.12H58.4v16.736h3.886c9.755 0 17.663 7.908 17.663 17.663v32.199h-5.917M55.781 68.717H25.487\"><\/path><path d=\"M58.334 42.124h15.068v-4.27c0-6.82-5.53-12.35-12.351-12.35h-2.718v16.62M73.909 70.236a9.125 9.125 0 1 0-18.013-2.931 9.125 9.125 0 0 0 18.013 2.93ZM25.367 70.235a9.125 9.125 0 1 0-18.012-2.931 9.125 9.125 0 0 0 7.54 10.471 9.125 9.125 0 0 0 10.472-7.54Z\"><\/path><path d=\"M13.723 77.507c-3.966.658-7.937 1.51-11.857 2.593M60.373 76.736c-10.512-1.212-24.298-1.969-38.645-.451M79.768 80.121s-4.96-1.222-12.975-2.395\"><\/path><\/svg>"
          }
        },
        "template--18054171164990__4a37469d-8b46-423e-a19f-d1a7859e5dc5-16775220039810dca7-2": {
          "type": "service",
          "settings": {
            "bgblock": "#ffffff",
            "title": "Customer service",
            "description": "Be rewarded every time",
            "icon": "<svg aria-hidden=\"true\" focusable=\"false\" role=\"presentation\" class=\"icon icon-plant-based\" viewbox=\"0 0 82 82\"><path d=\"M41 20.701V80M56.735 26.294c0 8.703-7.045 15.758-15.735 15.758s-15.735-7.055-15.735-15.758C25.265 14.719 41 2 41 2s15.735 12.719 15.735 24.294ZM30.479 46.972c6.145 6.154 6.145 16.132 0 22.285-6.145 6.154-16.107 6.154-22.252 0C.054 61.072 2.2 40.936 2.2 40.936s20.106-2.149 28.279 6.036Z\"><\/path><path d=\"M41 77.861S27.525 60.403 10.092 50.177M51.412 46.972c-6.145 6.154-6.145 16.132 0 22.285 6.145 6.153 16.107 6.154 22.252 0 8.173-8.185 6.027-28.321 6.027-28.321s-20.106-2.149-28.279 6.036Z\"><\/path><path d=\"M40.891 77.861s13.475-17.458 30.908-27.684\"><\/path><\/svg>"
          }
        },
        "template--18054171164990__4a37469d-8b46-423e-a19f-d1a7859e5dc5-16775220039810dca7-1": {
          "type": "service",
          "settings": {
            "bgblock": "#ffffff",
            "title": "Free Delivery",
            "description": "Delivery 2-5 days",
            "icon": "<svg aria-hidden=\"true\" focusable=\"false\" role=\"presentation\" class=\"icon icon-package\" viewbox=\"0 0 82 82\"><path d=\"M80 21v39L41 80 2 60V21L41 2l39 19Z\"><\/path><path d=\"m2 21 39 20 38.571-19.807M41 41.478v38.338\"><\/path><path d=\"m27.715 8.643 38.409 19.473v17.543l-11.617 6.067V33.83L16.098 14.355\"><\/path><\/svg>"
          }
        },
        "a2f0c69d-f24d-4a22-b537-bd9f22d39255": {
          "type": "service",
          "settings": {
            "bgblock": "#ffffff",
            "title": "Secure payment",
            "description": "Pay in easy instalments.",
            "icon": "<svg aria-hidden=\"true\" focusable=\"false\" role=\"presentation\" class=\"icon icon-shield\" viewbox=\"0 0 64 64\"><defs><style>.a{fill:none;stroke:#000;stroke-width:2px}<\/style><\/defs><path class=\"a\" d=\"M21.18 31.69L28.54 39l15.91-15.88\"><\/path><path class=\"a\" d=\"M53 12.54v15.24a31.41 31.41 0 0 1-3.7 14.95A25.46 25.46 0 0 1 32 56a25.46 25.46 0 0 1-17.3-13.27A31.41 31.41 0 0 1 11 27.78V12.54C24.88 13.67 32 8 32 8s7.12 5.67 21 4.54z\"><\/path><\/svg>"
          }
        }
      },
      "block_order": [
        "template--18054171164990__4a37469d-8b46-423e-a19f-d1a7859e5dc5-16775220039810dca7-0",
        "template--18054171164990__4a37469d-8b46-423e-a19f-d1a7859e5dc5-16775220039810dca7-2",
        "template--18054171164990__4a37469d-8b46-423e-a19f-d1a7859e5dc5-16775220039810dca7-1",
        "a2f0c69d-f24d-4a22-b537-bd9f22d39255"
      ],
      "settings": {
        "animation": "fade-up",
        "setwidth": "container",
        "bgsection": "#ffffff",
        "title_top": "",
        "title": "",
        "des": "",
        "align-heading": "center",
        "paddingbox": "0px 0px 0px 0px",
        "iconcolor": "#000000",
        "titlecolor": "#000000",
        "subcolor": "#999999",
        "size": 32,
        "service_heading": "h6",
        "layout": "style-1",
        "enable_carousel": false,
        "arrows": false,
        "draggable": true,
        "dots": true,
        "infinite": true,
        "paddingsection": "80px 0px 80px 0px",
        "paddingmobile": "40px 0px 20px 0px",
        "marginsection": "0px 0px 0px 0px",
        "marginmobile": "0px 0px 0px 0px"
      }
    }
  },
  "order": [
    "main",
    "bfc70ef2-4d5d-44da-8cd0-774a9b817f64",
    "1acb18f9-947f-417a-af62-5ae719a92e75",
    "36bd0f53-2e60-4387-a0a2-2f7fee7ce646",
    "657ee605-8f03-4dfa-9154-9041b243933b",
    "70e28503-a6af-4ab0-8360-56535dd5e57f",
    "9e2a0b0c-ab2a-48f8-a552-99bc69cfc615",
    "7668b93c-0a5c-4904-a558-238b0cb39db0",
    "e5f21d0c-5b55-42c1-852f-1c63b9238d75",
    "74fe352f-6863-4784-8564-2ac78bc05b82",
    "52306f51-7f29-4002-bf5d-1f61555d188c",
    "14f41957-6237-4fb8-856b-466ec72fc702",
    "4a37469d-8b46-423e-a19f-d1a7859e5dc5"
  ]
}