{
  "sections": {
    "main": {
      "type": "main-page",
      "settings": {
      }
    },
    "b2ef3f00-5f4f-4e93-8187-3970a28a8f9e": {
      "type": "parallax-banner",
      "blocks": {
        "template--19549173514560__b2ef3f00-5f4f-4e93-8187-3970a28a8f9e-sub_title-1": {
          "type": "sub_title",
          "settings": {
            "subtitle": "OUR MISSION"
          }
        },
        "template--19549173514560__b2ef3f00-5f4f-4e93-8187-3970a28a8f9e-heading-1": {
          "type": "heading",
          "settings": {
            "title": "Our inspirations from the beginning.",
            "size_text": "h1"
          }
        },
        "94c7371c-d71f-4781-892e-d23c731daa77": {
          "type": "paragraph",
          "settings": {
            "subtext": "Clothing may not change the world, but the women who wear them will"
          }
        }
      },
      "block_order": [
        "template--19549173514560__b2ef3f00-5f4f-4e93-8187-3970a28a8f9e-sub_title-1",
        "template--19549173514560__b2ef3f00-5f4f-4e93-8187-3970a28a8f9e-heading-1",
        "94c7371c-d71f-4781-892e-d23c731daa77"
      ],
      "settings": {
        "animation": "fade",
        "setwidth": "full",
        "bgsection": "#ffffff",
        "parrallax_enable": true,
        "image": "shopify:\/\/shop_images\/11ed785a140034331.623de78cd6aae.jpg",
        "height_section": "650",
        "height_section_mobile": "450",
        "align": "center",
        "position_text": "mid-center",
        "bg_box": "#ffffff",
        "opacity_bgbox": 0,
        "title_color": "#ffffff",
        "bg_overlay": "#000000",
        "gradient_bg": "",
        "opacity_bg_overlay": 0.1,
        "paddingsection": "0px 0px 0px 0px",
        "marginsection": "0px 0px 0px 0px"
      }
    },
    "f172e7b1-989c-4feb-a20b-ac2934933476": {
      "type": "rich-text",
      "blocks": {
        "41e5d7ef-7845-4f6d-85a2-ae6b277ad52b": {
          "type": "image",
          "settings": {
            "img-in-hero": 48,
            "image": "shopify:\/\/shop_images\/icon-lightbulb.webp",
            "image_link": ""
          }
        },
        "42255752-8074-4177-83cb-67736834a954": {
          "type": "spacer",
          "settings": {
            "hero-spacer": 16
          }
        },
        "a114a493-fb4e-4f52-9dba-52eacd1564d2": {
          "type": "sub_title",
          "disabled": true,
          "settings": {
            "subtitle": "Activewear"
          }
        },
        "02d7795e-308f-44d9-b007-aa374d77dbcb": {
          "type": "heading",
          "settings": {
            "title": "We believe in design that inspires and solves problems.",
            "size_text": "h2"
          }
        },
        "5b0f48ed-12f4-43e7-a7fd-3e3ea948966e": {
          "type": "paragraph",
          "settings": {
            "subtext": "When you need answers, advice, or just a little bit of inspiration, we’re always here to help with our free design services – in person, online, or over the phone – to make it even easier to a create a space you’ll love coming home to."
          }
        }
      },
      "block_order": [
        "41e5d7ef-7845-4f6d-85a2-ae6b277ad52b",
        "42255752-8074-4177-83cb-67736834a954",
        "a114a493-fb4e-4f52-9dba-52eacd1564d2",
        "02d7795e-308f-44d9-b007-aa374d77dbcb",
        "5b0f48ed-12f4-43e7-a7fd-3e3ea948966e"
      ],
      "settings": {
        "animation": "fade-up",
        "setwidth": "container",
        "bgsection": "#ffffff",
        "gradient_bg": "",
        "title_color": "rgba(0,0,0,0)",
        "title_top": "",
        "title": "",
        "text": "",
        "align-heading": "center",
        "align-content": "center",
        "paddingsection": "100px 0px 0px 0px",
        "paddingmobile": "40px 0px 0px 0px",
        "marginsection": "0px 0px 0px 0px",
        "marginmobile": "0px 0px 0px 0px"
      }
    },
    "d72bcc8c-88fe-4415-96f0-06511b070083": {
      "type": "image-content-6",
      "blocks": {
        "template--16716887458110__d72bcc8c-88fe-4415-96f0-06511b070083-16666725974cf35e4d-0": {
          "type": "image_block",
          "settings": {
            "style_content": "default",
            "w_image": 40,
            "pos_image": 78,
            "e_image": "right",
            "image": "shopify:\/\/shop_images\/Mega_Dot_Dot_Cushion_Soft_Ruban_Square_Mirror_Result_Chair_Rainbow_Mug_Peas.jpg",
            "image2": "shopify:\/\/shop_images\/Ruban_Mirror_Kaleido_Tray_Marbled_Jug_Tann_Iris_Mug_Frotte.jpg",
            "enable_video": false,
            "overlay_color": "#000000",
            "overlay_opacity": 30,
            "text_circle": "New Fashion style store",
            "video_url": "https:\/\/www.youtube.com\/watch?v=Yghmzsr3S14&ab_channel=Kandra"
          }
        },
        "template--16716887458110__d72bcc8c-88fe-4415-96f0-06511b070083-16666725974cf35e4d-1": {
          "type": "text_block",
          "settings": {
            "bgtext": "#ffffff",
            "subtitle": "sustainable",
            "title": "Who we are?",
            "size_text": "h2",
            "text": "",
            "answer_content": "<p>Molding is an independent, female-founded activewear label dedicated to creating chic, confident, and effortlessly cool active garments that are both functional and genuinely luxurious.<\/p>",
            "button": "discover now",
            "link": "",
            "style_btn": "btn-underline",
            "align": "left",
            "enable_padding_left": true,
            "enable_padding_right": false
          }
        }
      },
      "block_order": [
        "template--16716887458110__d72bcc8c-88fe-4415-96f0-06511b070083-16666725974cf35e4d-0",
        "template--16716887458110__d72bcc8c-88fe-4415-96f0-06511b070083-16666725974cf35e4d-1"
      ],
      "settings": {
        "animation": "fade",
        "setwidth": "container",
        "bgsection": "#ffffff",
        "size": "50-50",
        "enable_padding": true,
        "align_center": true,
        "paddingsection": "100px 0px 100px 0px",
        "paddingmobile": "60px 0px 60px 0px",
        "marginsection": "0px 0px 0px 0px",
        "marginmobile": "0px 0px 0px 0px"
      }
    },
    "895c09e5-5c6d-4c4d-8492-727381e40aa0": {
      "type": "service",
      "blocks": {
        "16485444103c52f5e9-0": {
          "type": "service",
          "settings": {
            "bgblock": "rgba(0,0,0,0)",
            "title": "Free shipping",
            "description": "Estimated 3-5 days",
            "icon": "<svg aria-hidden=\"true\" focusable=\"false\" role=\"presentation\" class=\"icon icon-truck\" viewbox=\"0 0 82 82\"><path d=\"M7.238 68.717H1.867V2.12H58.4v16.736h3.886c9.755 0 17.663 7.908 17.663 17.663v32.199h-5.917M55.781 68.717H25.487\"><\/path><path d=\"M58.334 42.124h15.068v-4.27c0-6.82-5.53-12.35-12.351-12.35h-2.718v16.62M73.909 70.236a9.125 9.125 0 1 0-18.013-2.931 9.125 9.125 0 0 0 18.013 2.93ZM25.367 70.235a9.125 9.125 0 1 0-18.012-2.931 9.125 9.125 0 0 0 7.54 10.471 9.125 9.125 0 0 0 10.472-7.54Z\"><\/path><path d=\"M13.723 77.507c-3.966.658-7.937 1.51-11.857 2.593M60.373 76.736c-10.512-1.212-24.298-1.969-38.645-.451M79.768 80.121s-4.96-1.222-12.975-2.395\"><\/path><\/svg>"
          }
        },
        "8fb6874d-8c42-405c-9da3-134f7a8a0c73": {
          "type": "service",
          "settings": {
            "bgblock": "rgba(0,0,0,0)",
            "title": "Customer service",
            "description": "Be rewarded every time",
            "icon": "<svg aria-hidden=\"true\" focusable=\"false\" role=\"presentation\" class=\"icon icon-plant-based\" viewbox=\"0 0 82 82\"><path d=\"M41 20.701V80M56.735 26.294c0 8.703-7.045 15.758-15.735 15.758s-15.735-7.055-15.735-15.758C25.265 14.719 41 2 41 2s15.735 12.719 15.735 24.294ZM30.479 46.972c6.145 6.154 6.145 16.132 0 22.285-6.145 6.154-16.107 6.154-22.252 0C.054 61.072 2.2 40.936 2.2 40.936s20.106-2.149 28.279 6.036Z\"><\/path><path d=\"M41 77.861S27.525 60.403 10.092 50.177M51.412 46.972c-6.145 6.154-6.145 16.132 0 22.285 6.145 6.153 16.107 6.154 22.252 0 8.173-8.185 6.027-28.321 6.027-28.321s-20.106-2.149-28.279 6.036Z\"><\/path><path d=\"M40.891 77.861s13.475-17.458 30.908-27.684\"><\/path><\/svg>"
          }
        },
        "16485444103c52f5e9-1": {
          "type": "service",
          "settings": {
            "bgblock": "rgba(0,0,0,0)",
            "title": "Instant Refunds",
            "description": "Return money within 30 days",
            "icon": "<svg aria-hidden=\"true\" focusable=\"false\" role=\"presentation\" class=\"icon icon-package\" viewbox=\"0 0 82 82\"><path d=\"M80 21v39L41 80 2 60V21L41 2l39 19Z\"><\/path><path d=\"m2 21 39 20 38.571-19.807M41 41.478v38.338\"><\/path><path d=\"m27.715 8.643 38.409 19.473v17.543l-11.617 6.067V33.83L16.098 14.355\"><\/path><\/svg>"
          }
        },
        "16485444103c52f5e9-2": {
          "type": "service",
          "settings": {
            "bgblock": "rgba(0,0,0,0)",
            "title": "Secure payment",
            "description": "Pay in easy instalments.",
            "icon": "<svg aria-hidden=\"true\" focusable=\"false\" role=\"presentation\" class=\"icon icon-shield\" viewbox=\"0 0 64 64\"><defs><style>.a{fill:none;stroke:#000;stroke-width:2px}<\/style><\/defs><path class=\"a\" d=\"M21.18 31.69L28.54 39l15.91-15.88\"><\/path><path class=\"a\" d=\"M53 12.54v15.24a31.41 31.41 0 0 1-3.7 14.95A25.46 25.46 0 0 1 32 56a25.46 25.46 0 0 1-17.3-13.27A31.41 31.41 0 0 1 11 27.78V12.54C24.88 13.67 32 8 32 8s7.12 5.67 21 4.54z\"><\/path><\/svg>"
          }
        }
      },
      "block_order": [
        "16485444103c52f5e9-0",
        "8fb6874d-8c42-405c-9da3-134f7a8a0c73",
        "16485444103c52f5e9-1",
        "16485444103c52f5e9-2"
      ],
      "settings": {
        "animation": "fade-up",
        "setwidth": "container",
        "bgsection": "#f5f5f5",
        "title_top": "",
        "title": "",
        "des": "",
        "align-heading": "center",
        "paddingbox": "0px 0px 0px 0px",
        "iconcolor": "#202025",
        "titlecolor": "#202025",
        "subcolor": "#5f6c79",
        "size": 44,
        "service_heading": "h6",
        "layout": "style-2",
        "enable_carousel": false,
        "arrows": false,
        "draggable": true,
        "dots": true,
        "infinite": false,
        "paddingsection": "30px 0px 30px 0px",
        "paddingmobile": "30px 0px 10px 0px",
        "marginsection": "0px 0px 0px 0px",
        "marginmobile": "0px 0px 0px 0px"
      }
    },
    "24a28133-2e01-4361-8b00-ad164f72336f": {
      "type": "image-content",
      "blocks": {
        "template--16716887458110__24a28133-2e01-4361-8b00-ad164f72336f-1666686767d1a98887-1": {
          "type": "text_block",
          "settings": {
            "width": "100%",
            "bgtext": "#ffffff",
            "title_color": "rgba(0,0,0,0)",
            "subtitle": "THE REFRESH SALE",
            "title": "20% off everything.",
            "size_text": "h2",
            "text": "<div class=\"pr-lg-5 mr-lg-4\">\n<p>All custom furniture and decor.<\/p>\n      <div class=\"mt-5 pt-4 px-lg-5\">\n        <img class=\"lazyload\" loading=\"lazy\" data-src=\"https:\/\/cdn.shopify.com\/s\/files\/1\/0859\/2559\/3396\/files\/155587725_931854637640562_6754960380077999647_n_cfcafd4e-2ed5-48c3-b437-f02d32a6202e.jpg?v=1708660414\">\n      <\/div>\n    \n<\/div>",
            "answer_content": "",
            "style_btn": "btn-underline btn-underline-white",
            "button": "",
            "link": "",
            "enable_padding": false,
            "align": "left"
          }
        },
        "template--16716887458110__24a28133-2e01-4361-8b00-ad164f72336f-1666686767d1a98887-0": {
          "type": "image_block",
          "settings": {
            "image": "shopify:\/\/shop_images\/image_169.jpg"
          }
        }
      },
      "block_order": [
        "template--16716887458110__24a28133-2e01-4361-8b00-ad164f72336f-1666686767d1a98887-1",
        "template--16716887458110__24a28133-2e01-4361-8b00-ad164f72336f-1666686767d1a98887-0"
      ],
      "settings": {
        "animation": "fade",
        "setwidth": "container",
        "bgsection": "#ffffff",
        "rangebg": 0,
        "bgbefore": "rgba(0,0,0,0)",
        "bg_pos": "left",
        "enable_padding": true,
        "align_center": false,
        "paddingsection": "100px 0px 100px 0px",
        "paddingmobile": "60px 0px 60px 0px",
        "marginsection": "0px 0px 0px 0px",
        "marginmobile": "0px 0px 0px 0px"
      }
    },
    "559f6024-64db-446e-a9dc-976582972dce": {
      "type": "quotes",
      "blocks": {
        "template--16716887458110__559f6024-64db-446e-a9dc-976582972dce-16666891474b2efc36-0": {
          "type": "quote",
          "settings": {
            "title": "Perfect !",
            "author": "John Alvy",
            "info": "Engineer",
            "rate": 5,
            "quote": "These are comfortable and they look great. I love that the sole is not super thick and oversized like other shoes. Much more subtle understated..."
          }
        },
        "template--16716887458110__559f6024-64db-446e-a9dc-976582972dce-16666891474b2efc36-1": {
          "type": "quote",
          "settings": {
            "title": "Awesome !",
            "author": "Jacquelyn Rizzo",
            "info": "Producer",
            "rate": 5,
            "quote": "I love this shirt. It feels like a soft sweater but lightweight like a shirt. I wore it to work today. It was 85 and I was fine running around. Great lightweight shirt..."
          }
        },
        "template--16716887458110__559f6024-64db-446e-a9dc-976582972dce-16666891474b2efc36-2": {
          "type": "quote",
          "settings": {
            "title": "Amazing !",
            "author": "Hailee Parsons",
            "info": "Designer",
            "rate": 5,
            "quote": "Just right for fall and winter. Quality is there. Order usual size unless you want over sized. Absolutely beautiful and looks amazingly flattering..."
          }
        }
      },
      "block_order": [
        "template--16716887458110__559f6024-64db-446e-a9dc-976582972dce-16666891474b2efc36-0",
        "template--16716887458110__559f6024-64db-446e-a9dc-976582972dce-16666891474b2efc36-1",
        "template--16716887458110__559f6024-64db-446e-a9dc-976582972dce-16666891474b2efc36-2"
      ],
      "settings": {
        "animation": "fade",
        "setwidth": "container",
        "bgsection": "#f3efe9",
        "title_color": "rgba(0,0,0,0)",
        "title_top": "",
        "title": "We Love Our Clients",
        "des": "We are very fortunate to have formed excellent \npartnerships with many of our clients.",
        "align-heading": "center",
        "aligntext": "text-left",
        "style": "style-1",
        "color_rate": "#f1f1f1",
        "color_rated": "#000000",
        "size_text": "txt-body",
        "bg_item": "#ffffff",
        "widthcolumn": 100,
        "enable_padding_inner": true,
        "show": 3,
        "arrows": true,
        "draggable": true,
        "dots": false,
        "infinite": true,
        "paddingsection": "100px 0px 100px 0px",
        "paddingmobile": "60px 0px 60px 0px",
        "marginsection": "0px 0px 0px 0px",
        "marginmobile": "0px 0px 0px 0px"
      }
    },
    "abb14abe-2a33-4a6b-aaa1-d36d5422d78d": {
      "type": "s_team_member",
      "blocks": {
        "template--16716887458110__abb14abe-2a33-4a6b-aaa1-d36d5422d78d-1666689151286d1fe7-0": {
          "type": "member",
          "settings": {
            "image": "shopify:\/\/shop_images\/1c215bf179724693_1.webp",
            "name": "Abdul Khalek",
            "position": "CEO & Founder",
            "twitter": "https:\/\/twitter.com\/",
            "google": "https:\/\/plus.google.com",
            "facebook": "https:\/\/www.facebook.com\/",
            "linkedin": "https:\/\/www.linkedin.com\/"
          }
        },
        "template--16716887458110__abb14abe-2a33-4a6b-aaa1-d36d5422d78d-1666689151286d1fe7-1": {
          "type": "member",
          "settings": {
            "image": "shopify:\/\/shop_images\/118795749_248230149682238_6921509451634328613_n.webp",
            "name": "Vera Duncan",
            "position": "Producer",
            "twitter": "https:\/\/twitter.com\/",
            "google": "https:\/\/plus.google.com",
            "facebook": "https:\/\/www.facebook.com\/",
            "linkedin": "https:\/\/www.linkedin.com\/"
          }
        },
        "template--16716887458110__abb14abe-2a33-4a6b-aaa1-d36d5422d78d-1666689151286d1fe7-2": {
          "type": "member",
          "settings": {
            "image": "shopify:\/\/shop_images\/designer-george-sowden_c9513974-3747-493c-bf03-7b4b5d00666c.webp",
            "name": "Michella Ore",
            "position": "Developer",
            "twitter": "https:\/\/twitter.com\/",
            "google": "https:\/\/plus.google.com",
            "facebook": "https:\/\/www.facebook.com\/",
            "linkedin": "https:\/\/www.linkedin.com\/"
          }
        },
        "da71da3f-22ff-40d5-be4f-f445f70629e5": {
          "type": "member",
          "disabled": true,
          "settings": {
            "name": "John Smith",
            "position": "CEO",
            "twitter": "#",
            "google": "#",
            "facebook": "#",
            "linkedin": ""
          }
        }
      },
      "block_order": [
        "template--16716887458110__abb14abe-2a33-4a6b-aaa1-d36d5422d78d-1666689151286d1fe7-0",
        "template--16716887458110__abb14abe-2a33-4a6b-aaa1-d36d5422d78d-1666689151286d1fe7-1",
        "template--16716887458110__abb14abe-2a33-4a6b-aaa1-d36d5422d78d-1666689151286d1fe7-2",
        "da71da3f-22ff-40d5-be4f-f445f70629e5"
      ],
      "settings": {
        "animation": "fade",
        "setwidth": "container",
        "bgsection": "",
        "title_top": "",
        "title": "Team Of Highly Skilled",
        "des": "",
        "align-heading": "center",
        "items": "3",
        "layout": "2",
        "paddingsection": "90px 0px 40px 0px",
        "paddingmobile": "60px 0px 40px 0px",
        "marginsection": "0px 0px 0px 0px",
        "marginmobile": "0px 0px 0px 0px"
      }
    },
    "a035e328-7cfe-4cf0-81d0-e2f5f0188740": {
      "type": "map",
      "settings": {
        "heading": "Our store",
        "address": "<p>123 Fake St.<br\/>Toronto, Canada<\/p><p>Mon - Fri, 10am - 9pm<br\/>Saturday, 11am - 9pm<br\/>Sunday, 11am - 5pm<\/p>",
        "map_address": "301 Front St W, Toronto",
        "button_text": "Get directions",
        "show_pin": true,
        "api_key": "",
        "map_code": "<div class=\"mapouter\"><div class=\"gmap_canvas\">\n<iframe width=\"600\" height=\"500\" id=\"gmap_canvas\" src=\"https:\/\/maps.google.com\/maps?q=CN%20Tower,%20301%20Front%20St%20W,%20Toronto,%20ON%20M5V%202T6,%20Canada&t=&z=13&ie=UTF8&iwloc=&output=embed\" frameborder=\"0\" scrolling=\"no\" marginheight=\"0\" marginwidth=\"0\" loading=\"lazy\" allowfullscreen><\/iframe><br><style>.mapouter{position:relative;text-align:right;height:500px;width:600px;}<\/style>\n<a href=\"https:\/\/www.embedgooglemap.net\">google maps code generator<\/a><style>.gmap_canvas {overflow:hidden;background:none!important;height:500px;width:600px;}<\/style>\n<\/div><\/div>",
        "background_image_position": "center center"
      }
    },
    "e07a205a-2023-4ca5-b589-a46cd70b3237": {
      "type": "contact-form",
      "settings": {
        "animation": "",
        "bgsection": "#ffffff",
        "title_top": "Questions?",
        "title": "Send us an email",
        "des": "",
        "align-heading": "center",
        "answer_content": "<p>This site is protected by reCAPTCHA and the Google <a href=\"https:\/\/policies.google.com\/privacy\">Privacy Policy<\/a> and <a href=\"https:\/\/policies.google.com\/terms\">Terms of Service<\/a> apply.<\/p>",
        "paddingsection": "100px 0px 100px 0px",
        "paddingmobile": "40px 0px 40px 0px",
        "marginsection": "0px 0px 0px 0px",
        "marginmobile": "0px 0px 0px 0px"
      }
    }
  },
  "order": [
    "main",
    "b2ef3f00-5f4f-4e93-8187-3970a28a8f9e",
    "f172e7b1-989c-4feb-a20b-ac2934933476",
    "d72bcc8c-88fe-4415-96f0-06511b070083",
    "895c09e5-5c6d-4c4d-8492-727381e40aa0",
    "24a28133-2e01-4361-8b00-ad164f72336f",
    "559f6024-64db-446e-a9dc-976582972dce",
    "abb14abe-2a33-4a6b-aaa1-d36d5422d78d",
    "a035e328-7cfe-4cf0-81d0-e2f5f0188740",
    "e07a205a-2023-4ca5-b589-a46cd70b3237"
  ]
}