{
  "type": "footer",
  "name": "Footer group",
  "sections": {
    "newsletter-footer": {
      "type": "newsletter-footer",
      "settings": {
        "enable_newletter_footer": false,
        "animation": "",
        "setwidth": "container",
        "bgsection": "#000000",
        "newletter_color": "#ff6f2e",
        "colorborder": "#e9e9e9",
        "e_size": "cover",
        "e_repeat": "no-repeat",
        "title_top": "",
        "title": "Subscrible & Get <span class=\"text-theme\">10% <\/span> Discount",
        "des": "",
        "html_left": false,
        "html_left_block": "",
        "paddingsection": "60px 0px 0px 0px",
        "paddingmobile": "30px 0px 30px 0px",
        "marginsection": "0px 0px 0px 0px",
        "marginmobile": "0px 0px 0px 0px"
      }
    },
    "footer": {
      "type": "footer",
      "blocks": {
        "1595696762386": {
          "type": "text",
          "settings": {
            "widthlogofooter": 150,
            "title": "About us",
            "text": "<div class=\"pr-lg-4 rte\">\n<p class=\"mt-3\">Molding® is an independent, female-founded label dedicated to creating luxury-grade active garments. Thanks to Molding for allowing us to use their photography and products in this demo store.<\/p>\n<\/div>",
            "width": "25%"
          }
        },
        "e849212d-9244-4a79-bbe3-1f9e3192a1df": {
          "type": "text",
          "settings": {
            "widthlogofooter": 150,
            "title": "",
            "text": "",
            "width": "16%"
          }
        },
        "b68420a7-353e-422d-9a28-2dba5275c372": {
          "type": "text",
          "disabled": true,
          "settings": {
            "widthlogofooter": 130,
            "title": "",
            "text": "",
            "width": "16%"
          }
        },
        "1562342622030": {
          "type": "menu",
          "disabled": true,
          "settings": {
            "link_list": "",
            "width": "16%"
          }
        },
        "1567410176792": {
          "type": "menu",
          "settings": {
            "link_list": "info",
            "width": "16%"
          }
        },
        "a28fc3cc-c984-485b-af97-07168b85bea3": {
          "type": "menu",
          "settings": {
            "link_list": "collections",
            "width": "16%"
          }
        },
        "ec49d85b-17bb-4b65-a49f-3086aa5430cd": {
          "type": "newsletter",
          "settings": {
            "bg_new": "rgba(0,0,0,0)",
            "border_new": "#5c6978",
            "btn_bg_new": "#bb5237",
            "btn_cl_new": "#f7f7f7",
            "btn_cl_new_hover": "#ffffff",
            "title": "Sign up & save 15%",
            "subheading": "<p>Get a 15% discount on your first order.<\/p>",
            "enablesocial": true,
            "width": "25%"
          }
        }
      },
      "block_order": [
        "1595696762386",
        "e849212d-9244-4a79-bbe3-1f9e3192a1df",
        "b68420a7-353e-422d-9a28-2dba5275c372",
        "1562342622030",
        "1567410176792",
        "a28fc3cc-c984-485b-af97-07168b85bea3",
        "ec49d85b-17bb-4b65-a49f-3086aa5430cd"
      ],
      "settings": {
        "setwidth": "container-fluid",
        "background": "#f6f6f0",
        "border_headfooter": "rgba(0,0,0,0)",
        "border-copryright": "#dfdfca",
        "text": "#203b59",
        "text_hover": "#bb5237",
        "title": "#848484",
        "footer_align_title": "left",
        "enable_border": false,
        "footer_font_family": "--g-font-1",
        "footer_font_size_title": 12,
        "footer_font_weight": "600",
        "footer_spacing": 0,
        "footer_typetext": "uppercase",
        "acc_mobile": true,
        "e_ft_currency": true,
        "enable_image": true,
        "enable_name": true,
        "enable_language_selector": true,
        "payment_info": "svg",
        "link_list_bottom": "",
        "copyright": true,
        "customcopyright": "All rights reserved.",
        "padding_top": 64,
        "padding_bottom": 32,
        "m_padding_top": 32,
        "m_padding_bottom": 0
      }
    }
  },
  "order": [
    "newsletter-footer",
    "footer"
  ]
}
